base_pred,shuf_pred,mask_pred
1,0,1
0,0,1
0,0,1
1,0,1
0,1,1
0,0,1
0,0,1
0,1,1
1,0,1
0,1,1
0,0,1
0,1,1
0,1,1
1,1,1
0,0,1
0,0,1
0,1,1
1,1,1
1,0,1
1,0,1
0,0,1
1,0,1
0,1,1
0,0,1
0,1,1
1,0,1
0,1,1
0,1,1
0,1,1
0,0,1
0,1,1
1,1,1
0,0,1
0,0,1
0,1,1
0,0,1
0,1,1
1,1,1
0,0,1
0,1,1
0,0,1
0,1,1
0,0,1
1,0,1
0,1,1
0,1,1
0,0,1
0,0,1
0,0,1
0,0,1
0,0,1
0,0,1
0,0,1
1,1,1
1,0,1
0,1,1
0,1,1
0,0,1
0,0,1
0,1,1
0,1,1
0,1,1
0,1,1
0,0,1
0,0,1
0,0,1
0,0,1
0,1,1
0,1,1
0,0,1
0,1,1
0,0,1
0,1,1
0,1,1
0,0,1
0,1,1
0,1,1
0,0,1
1,0,1
0,1,1
0,1,1
1,1,1
0,1,1
0,0,1
0,0,1
0,0,1
0,1,1
0,0,1
0,0,1
0,0,1
0,0,1
0,0,1
0,1,1
0,1,1
0,0,1
0,1,1
0,0,1
0,0,1
0,0,1
0,0,1
0,1,1
0,0,1
0,0,1
0,1,1
0,0,1
0,1,1
0,0,1
0,0,1
0,0,1
0,0,1
0,0,1
0,1,1
0,1,1
0,0,1
1,0,1
0,0,1
0,1,1
0,0,1
0,0,1
0,0,1
1,1,1
0,0,1
1,1,1
0,1,1
0,1,1
0,0,1
0,1,1
0,1,1
0,0,1
0,0,1
0,0,1
0,0,1
0,0,1
0,1,1
0,1,1
1,0,1
0,0,1
0,1,1
1,0,1
0,1,1
0,1,1
0,1,1
0,0,1
0,0,1
0,0,1
0,1,1
0,1,1
0,0,1
0,0,1
0,0,1
0,1,1
0,0,1
0,0,1
0,0,1
0,0,1
0,0,1
0,0,1
0,0,1
0,0,1
0,0,1
0,0,1
0,0,1
0,0,1
0,1,1
0,1,1
0,0,1
0,0,1
0,1,1
0,1,1
0,1,1
0,0,1
0,1,1
0,0,1
0,0,1
0,0,1
0,0,1
0,1,1
0,0,1
0,0,1
0,1,1
1,1,1
0,0,1
0,1,1
0,1,1
0,0,1
1,1,1
0,0,1
0,1,1
0,1,1
0,0,1
0,0,1
0,0,1
0,0,1
0,1,1
0,0,1
0,0,1
0,1,1
0,1,1
0,0,1
0,0,1
0,0,1
0,1,1
0,1,1
0,1,1
0,0,1
1,0,1
0,1,1
0,1,1
0,1,1
0,1,1
0,1,1
0,0,1
0,0,1
0,1,1
0,1,1
0,0,1
0,0,1
0,1,1
0,0,1
0,0,1
0,0,1
1,0,1
0,0,1
0,1,1
0,1,1
0,1,1
0,0,1
0,0,1
1,1,1
0,1,1
0,1,1
1,1,1
0,0,1
0,0,1
0,1,1
0,1,1
0,1,1
0,1,1
0,0,1
0,0,1
0,1,1
0,0,1
0,1,1
1,0,1
0,1,1
0,0,1
0,0,1
0,1,1
0,0,1
0,1,1
0,1,1
1,0,1
0,0,1
0,0,1
0,1,1
0,1,1
0,1,1
0,0,1
0,1,1
0,0,1
0,1,1
1,1,1
0,0,1
0,0,1
0,1,1
0,0,1
0,0,1
0,0,1
0,0,1
1,1,1
0,1,1
1,0,1
0,0,1
0,0,1
0,0,1
0,1,1
0,1,1
0,1,1
0,0,1
0,1,1
1,0,1
0,0,1
0,1,1
0,0,1
0,0,1
0,0,1
0,0,1
0,1,1
0,0,1
0,1,1
0,1,1
0,0,1
0,1,1
0,0,1
0,0,1
0,0,1
0,0,1
0,0,1
0,0,1
1,1,1
0,0,1
0,0,1
0,0,1
0,1,1
0,0,1
0,1,1
0,0,1
0,1,1
0,0,1
0,0,1
0,0,1
1,1,1
0,0,1
0,0,1
0,0,1
1,1,1
0,0,1
0,0,1
0,1,1
0,0,1
0,1,1
0,0,1
0,0,1
0,1,1
0,1,1
0,0,1
0,1,1
1,1,1
0,1,1
0,0,1
1,1,1
0,1,1
0,0,1
0,1,1
0,0,1
0,1,1
0,0,1
0,0,1
0,1,1
0,1,1
0,1,1
0,1,1
0,1,1
0,1,1
0,1,1
0,1,1
0,0,1
0,0,1
0,1,1
0,1,1
0,0,1
0,1,1
0,0,1
0,1,1
0,1,1
0,1,1
0,1,1
1,1,1
0,0,1
0,0,1
0,0,1
0,1,1
0,1,1
0,0,1
0,1,1
0,0,1
0,1,1
0,1,1
0,0,1
0,1,1
0,1,1
0,1,1
0,0,1
0,1,1
0,1,1
0,1,1
0,0,1
0,1,1
0,0,1
0,0,1
1,1,1
0,1,1
0,1,1
0,0,1
0,1,1
1,0,1
0,1,1
0,1,1
0,0,1
0,1,1
0,1,1
0,1,1
0,0,1
0,1,1
0,0,1
0,1,1
0,1,1
0,1,1
0,1,1
1,1,1
0,1,1
0,0,1
1,1,1
0,0,1
0,0,1
0,0,1
0,0,1
0,0,1
0,1,1
0,0,1
0,1,1
0,0,1
0,1,1
0,1,1
1,1,1
0,0,1
0,1,1
1,1,1
0,0,1
0,1,1
0,1,1
0,1,1
1,0,1
0,1,1
0,1,1
0,1,1
0,1,1
0,0,1
0,1,1
0,1,1
0,0,1
0,1,1
0,0,1
0,0,1
0,0,1
0,0,1
0,0,1
0,0,1
0,1,1
0,0,1
0,1,1
0,1,1
0,0,1
0,1,1
0,0,1
0,0,1
0,0,1
0,1,1
0,1,1
0,0,1
0,1,1
0,1,1
0,0,1
0,0,1
0,1,1
0,1,1
0,1,1
0,0,1
0,0,1
0,0,1
0,0,1
0,0,1
0,0,1
0,0,1
0,1,1
0,1,1
0,0,1
0,0,1
0,1,1
0,0,1
0,0,1
0,1,1
0,1,1
0,1,1
0,0,1
0,1,1
0,0,1
0,0,1
0,1,1
0,1,1
0,1,1
0,0,1
0,1,1
0,1,1
0,1,1
0,0,1
0,1,1
0,0,1
0,0,1
0,1,1
0,1,1
1,0,1
1,0,1
0,1,1
0,0,1
0,0,1
0,0,1
0,0,1
0,1,1
0,0,1
0,0,1
0,0,1
0,0,1
0,1,1
0,0,1
1,0,1
0,1,1
0,1,1
0,0,1
0,1,1
0,1,1
0,0,1
0,1,1
0,1,1
0,1,1
0,1,1
0,0,1
0,1,1
0,1,1
0,1,1
0,1,1
0,0,1
0,0,1
1,0,1
0,0,1
0,0,1
0,1,1
0,0,1
0,1,1
0,1,1
0,0,1
0,1,1
1,1,1
0,0,1
1,1,1
0,1,1
0,0,1
0,0,1
0,1,1
0,0,1
0,0,1
0,0,1
1,0,1
0,0,1
0,1,1
0,1,1
0,0,1
0,0,1
0,1,1
0,1,1
0,0,1
0,0,1
0,0,1
0,0,1
0,1,1
0,1,1
1,1,1
0,0,1
0,0,1
0,0,1
0,1,1
0,1,1
0,1,1
0,0,1
0,0,1
1,0,1
0,1,1
0,1,1
1,0,1
0,1,1
0,1,1
0,1,1
0,1,1
0,1,1
0,1,1
0,1,1
0,0,1
0,0,1
0,1,1
1,0,1
0,1,1
0,1,1
0,1,1
0,1,1
0,1,1
0,1,1
0,0,1
0,1,1
0,0,1
0,1,1
1,0,1
0,1,1
0,1,1
1,1,1
0,1,1
1,1,1
0,1,1
0,0,1
1,0,1
1,1,1
0,1,1
0,1,1
0,1,1
0,0,1
0,1,1
0,0,1
0,1,1
0,1,1
0,0,1
0,0,1
0,0,1
0,0,1
0,0,1
1,0,1
0,0,1
0,0,1
0,0,1
0,0,1
0,1,1
0,1,1
0,1,1
0,0,1
0,1,1
0,1,1
0,0,1
0,1,1
0,1,1
0,0,1
0,1,1
0,0,1
0,0,1
0,1,1
0,0,1
0,1,1
0,1,1
0,0,1
0,0,1
0,1,1
0,1,1
0,0,1
0,1,1
0,1,1
0,0,1
0,1,1
0,0,1
0,1,1
0,0,1
0,1,1
0,1,1
0,1,1
0,0,1
0,0,1
0,1,1
1,1,1
1,1,1
0,0,1
0,1,1
0,1,1
0,1,1
0,0,1
0,1,1
0,0,1
1,0,1
1,0,1
0,1,1
0,0,1
0,1,1
0,0,1
0,0,1
0,1,1
0,1,1
0,0,1
0,0,1
0,0,1
0,1,1
0,1,1
0,0,1
0,0,1
0,1,1
0,0,1
0,1,1
0,0,1
0,0,1
0,1,1
0,1,1
0,1,1
0,1,1
0,0,1
0,0,1
0,0,1
0,1,1
0,0,1
0,1,1
0,0,1
1,0,1
0,1,1
0,1,1
1,1,1
1,0,1
0,0,1
1,0,1
0,0,1
0,0,1
0,0,1
0,0,1
0,0,1
0,0,1
0,0,1
0,1,1
0,1,1
0,0,1
0,0,1
0,0,1
0,1,1
0,0,1
0,1,1
0,0,1
0,0,1
0,0,1
0,1,1
0,0,1
0,0,1
0,1,1
0,0,1
0,0,1
1,1,1
0,1,1
0,0,1
0,1,1
0,0,1
0,1,1
0,1,1
1,1,1
1,1,1
0,0,1
0,0,1
0,0,1
1,1,1
0,0,1
0,0,1
0,0,1
0,1,1
0,1,1
0,1,1
0,0,1
0,0,1
0,1,1
0,0,1
1,1,1
0,1,1
0,1,1
0,1,1
0,1,1
0,1,1
0,1,1
0,1,1
0,0,1
0,1,1
0,1,1
0,0,1
0,0,1
0,1,1
0,1,1
0,1,1
0,0,1
0,1,1
0,1,1
0,0,1
0,1,1
0,0,1
0,1,1
0,1,1
0,0,1
0,0,1
0,0,1
0,0,1
1,0,1
0,0,1
0,1,1
0,1,1
0,1,1
0,1,1
0,0,1
0,0,1
0,1,1
1,1,1
0,0,1
0,1,1
1,0,1
0,1,1
0,1,1
0,0,1
0,0,1
0,1,1
1,1,1
1,0,1
0,1,1
0,0,1
1,1,1
0,0,1
0,0,1
0,0,1
1,0,1
0,1,1
0,0,1
0,0,1
0,0,1
0,1,1
0,0,1
0,1,1
0,0,1
0,1,1
1,0,1
1,1,1
1,1,1
0,1,1
0,1,1
0,1,1
0,1,1
0,1,1
0,1,1
0,1,1
0,1,1
0,0,1
0,1,1
0,1,1
0,0,1
0,0,1
0,0,1
0,0,1
0,0,1
0,0,1
0,0,1
0,0,1
0,1,1
1,1,1
0,0,1
1,1,1
0,0,1
0,0,1
0,1,1
1,1,1
0,0,1
0,1,1
0,0,1
0,0,1
0,1,1
0,0,1
0,1,1
0,0,1
0,1,1
0,0,1
0,0,1
0,0,1
0,1,1
0,0,1
0,0,1
0,1,1
0,0,1
1,0,1
0,0,1
0,0,1
0,0,1
0,1,1
0,0,1
0,1,1
0,1,1
0,1,1
0,0,1
0,0,1
0,0,1
0,0,1
0,1,1
0,1,1
0,1,1
0,0,1
0,0,1
0,1,1
0,0,1
0,1,1
0,0,1
0,0,1
0,1,1
0,0,1
0,0,1
0,1,1
0,0,1
0,0,1
0,1,1
0,0,1
0,1,1
0,1,1
0,1,1
0,0,1
0,0,1
0,1,1
0,0,1
0,0,1
0,1,1
0,1,1
0,0,1
0,0,1
0,0,1
0,0,1
0,0,1
0,0,1
1,1,1
0,1,1
1,0,1
1,0,1
0,0,1
0,1,1
0,0,1
0,0,1
0,1,1
0,1,1
0,1,1
0,1,1
0,0,1
0,0,1
0,0,1
0,0,1
0,1,1
0,0,1
0,1,1
0,1,1
0,0,1
1,1,1
0,0,1
0,1,1
0,1,1
0,0,1
1,1,1
0,1,1
0,0,1
0,0,1
0,0,1
0,1,1
0,1,1
0,1,1
0,1,1
0,0,1
1,1,1
0,0,1
0,0,1
0,1,1
0,0,1
0,0,1
0,0,1
1,0,1
1,0,1
0,0,1
0,1,1
0,0,1
0,0,1
0,0,1
1,0,1
0,1,1
0,0,1
0,0,1
0,0,1
0,1,1
0,0,1
0,0,1
0,0,1
0,0,1
1,1,1
0,1,1
0,1,1
0,1,1
0,1,1
0,1,1
0,0,1
0,0,1
0,0,1
0,1,1
0,1,1
0,1,1
0,1,1
0,1,1
0,1,1
0,0,1
0,0,1
0,1,1
1,0,1
0,1,1
0,1,1
0,0,1
0,1,1
0,1,1
0,1,1
0,0,1
0,1,1
0,0,1
0,0,1
0,1,1
0,1,1
0,1,1
0,0,1
1,1,1
0,1,1
0,0,1
0,1,1
1,0,1
0,0,1
0,0,1
0,1,1
0,0,1
0,0,1
0,0,1
0,1,1
0,1,1
0,1,1
0,1,1
0,0,1
0,0,1
0,0,1
0,0,1
1,0,1
0,0,1
0,1,1
0,1,1
0,0,1
0,1,1
1,0,1
1,1,1
0,0,1
0,0,1
0,0,1
0,0,1
0,0,1
1,1,1
0,1,1
0,0,1
0,1,1
0,1,1
0,1,1
0,0,1
0,1,1
1,1,1
0,1,1
0,0,1
0,1,1
0,1,1
0,0,1
0,0,1
0,0,1
1,1,1
0,0,1
0,0,1
0,0,1
0,0,1
0,0,1
0,0,1
0,1,1
0,0,1
0,1,1
0,0,1
0,0,1
0,0,1
0,1,1
0,1,1
0,1,1
0,1,1
1,1,1
0,1,1
0,1,1
0,0,1
0,0,1
0,1,1
0,1,1
1,0,1
0,1,1
0,0,1
0,0,1
0,0,1
0,0,1
1,0,1
0,0,1
0,0,1
0,1,1
1,0,1
0,1,1
0,0,1
0,1,1
0,0,1
0,0,1
0,1,1
1,0,1
0,0,1
0,1,1
0,0,1
0,0,1
0,0,1
0,0,1
1,1,1
0,1,1
0,0,1
0,0,1
1,0,1
0,0,1
0,1,1
0,0,1
1,1,1
0,0,1
0,1,1
1,1,1
0,0,1
0,0,1
0,1,1
0,1,1
1,1,1
0,1,1
0,0,1
0,1,1
0,0,1
0,0,1
0,0,1
0,1,1
0,0,1
0,1,1
0,0,1
0,0,1
0,1,1
0,0,1
0,0,1
0,0,1
0,0,1
0,1,1
0,1,1
1,1,1
0,0,1
1,1,1
0,1,1
0,1,1
0,1,1
0,0,1
0,1,1
0,1,1
0,1,1
0,0,1
0,0,1
0,1,1
0,0,1
0,1,1
0,0,1
0,1,1
0,1,1
0,1,1
0,0,1
0,1,1
0,1,1
1,0,1
0,1,1
1,1,1
0,1,1
0,0,1
0,0,1
0,1,1
0,0,1
0,0,1
0,0,1
0,1,1
0,1,1
0,0,1
0,1,1
1,1,1
0,1,1
0,0,1
0,1,1
0,0,1
0,1,1
0,1,1
0,0,1
0,0,1
0,1,1
0,0,1
0,0,1
0,0,1
0,0,1
0,1,1
0,0,1
0,1,1
0,1,1
0,1,1
0,1,1
0,1,1
1,1,1
0,0,1
0,1,1
0,0,1
0,0,1
0,1,1
0,0,1
0,1,1
1,1,1
0,0,1
0,1,1
0,0,1
0,0,1
0,0,1
0,1,1
0,1,1
0,0,1
1,1,1
0,0,1
0,1,1
1,1,1
0,0,1
0,0,1
0,1,1
0,1,1
0,0,1
0,0,1
0,0,1
1,1,1
0,1,1
0,1,1
0,0,1
0,0,1
0,1,1
0,0,1
0,0,1
0,1,1
0,0,1
0,0,1
0,1,1
0,0,1
1,1,1
0,1,1
0,0,1
1,1,1
0,1,1
0,1,1
0,0,1
0,0,1
0,0,1
0,1,1
0,1,1
0,0,1
1,0,1
0,1,1
1,1,1
1,1,1
0,0,1
0,0,1
0,0,1
0,0,1
0,1,1
0,0,1
0,1,1
0,1,1
0,1,1
1,1,1
1,1,1
0,0,1
1,1,1
0,1,1
0,0,1
1,1,1
1,0,1
1,1,1
1,1,1
0,0,1
0,0,1
0,1,1
0,0,1
1,1,1
0,1,1
0,0,1
0,1,1
0,0,1
1,0,1
0,0,1
0,0,1
1,1,1
0,0,1
0,1,1
0,0,1
0,0,1
0,0,1
0,0,1
0,1,1
0,1,1
0,0,1
0,0,1
1,1,1
0,0,1
0,0,1
0,0,1
0,0,1
0,0,1
0,0,1
1,1,1
1,1,1
0,0,1
0,0,1
0,1,1
0,0,1
0,0,1
0,0,1
0,0,1
0,0,1
0,0,1
0,1,1
0,1,1
0,1,1
0,1,1
0,1,1
0,0,1
0,1,1
0,0,1
1,0,1
0,1,1
0,1,1
0,1,1
0,1,1
0,0,1
0,0,1
0,0,1
0,1,1
1,1,1
0,0,1
1,1,1
0,1,1
0,1,1
0,0,1
0,1,1
0,1,1
0,1,1
0,1,1
0,1,1
1,1,1
0,1,1
0,1,1
0,1,1
0,1,1
0,1,1
0,0,1
0,1,1
0,1,1
0,0,1
1,1,1
0,0,1
0,1,1
0,0,1
1,0,1
0,1,1
0,1,1
0,1,1
0,1,1
0,0,1
0,0,1
0,1,1
0,1,1
0,1,1
0,1,1
0,1,1
0,1,1
0,1,1
0,1,1
1,1,1
0,0,1
0,1,1
0,0,1
0,0,1
0,1,1
0,0,1
0,0,1
0,0,1
0,0,1
0,0,1
0,1,1
0,0,1
1,0,1
1,1,1
0,0,1
0,0,1
1,1,1
0,0,1
1,1,1
0,0,1
1,1,1
0,1,1
0,0,1
0,1,1
0,1,1
0,0,1
0,1,1
0,0,1
0,0,1
0,0,1
0,0,1
0,0,1
0,1,1
0,1,1
0,0,1
0,0,1
0,0,1
1,1,1
0,0,1
0,0,1
0,1,1
0,0,1
0,0,1
1,0,1
0,1,1
0,0,1
0,0,1
0,0,1
0,0,1
0,0,1
0,0,1
0,0,1
0,0,1
0,0,1
0,0,1
0,1,1
0,0,1
0,0,1
1,1,1
0,1,1
0,0,1
0,0,1
0,0,1
0,0,1
0,0,1
0,0,1
0,0,1
1,0,1
0,0,1
0,1,1
1,1,1
1,0,1
1,0,1
0,0,1
0,1,1
1,1,1
0,1,1
0,1,1
0,0,1
0,0,1
0,1,1
0,0,1
1,1,1
1,0,1
0,0,1
0,0,1
0,1,1
0,0,1
0,0,1
1,0,1
0,0,1
1,1,1
0,1,1
0,1,1
0,0,1
0,0,1
0,0,1
1,1,1
0,1,1
0,0,1
0,0,1
0,0,1
0,0,1
0,0,1
0,1,1
0,0,1
0,0,1
0,0,1
0,0,1
0,0,1
1,0,1
0,1,1
0,0,1
0,0,1
0,1,1
0,0,1
1,0,1
0,0,1
0,0,1
0,1,1
0,0,1
0,0,1
0,0,1
1,0,1
0,1,1
0,1,1
0,1,1
1,0,1
0,1,1
1,0,1
0,0,1
0,1,1
0,1,1
0,0,1
0,0,1
0,0,1
0,0,1
0,1,1
0,0,1
0,0,1
0,0,1
0,0,1
0,1,1
0,1,1
1,0,1
0,0,1
0,0,1
0,1,1
0,0,1
0,1,1
0,0,1
0,1,1
0,0,1
0,1,1
0,1,1
0,0,1
0,0,1
0,1,1
0,1,1
0,0,1
0,0,1
0,0,1
0,0,1
0,1,1
0,1,1
0,0,1
0,1,1
0,1,1
1,0,1
0,0,1
1,0,1
0,1,1
0,1,1
1,0,1
0,0,1
1,1,1
0,1,1
0,0,1
1,1,1
0,1,1
0,1,1
0,1,1
0,0,1
0,0,1
1,1,1
0,1,1
0,0,1
0,0,1
0,1,1
0,0,1
0,0,1
0,0,1
0,0,1
1,0,1
0,1,1
0,1,1
0,1,1
0,1,1
0,1,1
0,0,1
0,1,1
0,0,1
0,1,1
0,1,1
1,1,1
0,0,1
1,1,1
0,1,1
0,0,1
0,1,1
0,1,1
0,1,1
0,1,1
0,0,1
0,0,1
1,1,1
0,1,1
1,1,1
0,1,1
0,0,1
0,1,1
1,1,1
0,1,1
1,1,1
0,1,1
0,0,1
0,0,1
0,0,1
0,1,1
0,0,1
0,0,1
0,0,1
0,1,1
0,1,1
0,0,1
0,0,1
0,1,1
0,0,1
0,1,1
0,1,1
0,1,1
0,1,1
0,0,1
0,0,1
0,1,1
0,0,1
0,0,1
0,1,1
0,1,1
0,1,1
0,1,1
1,0,1
1,1,1
0,1,1
0,1,1
0,1,1
0,0,1
0,1,1
0,1,1
0,0,1
0,0,1
0,0,1
0,1,1
1,1,1
0,0,1
0,1,1
1,1,1
1,1,1
1,1,1
0,1,1
0,0,1
0,0,1
0,1,1
0,0,1
1,0,1
1,1,1
0,0,1
0,0,1
0,0,1
0,1,1
0,1,1
0,0,1
0,0,1
0,0,1
0,0,1
0,0,1
0,1,1
0,0,1
0,1,1
0,0,1
0,0,1
0,0,1
0,0,1
0,1,1
0,0,1
0,0,1
0,0,1
0,1,1
0,1,1
0,1,1
0,1,1
0,0,1
0,0,1
1,0,1
0,1,1
1,0,1
0,0,1
1,1,1
0,1,1
0,0,1
0,0,1
0,0,1
0,0,1
0,0,1
0,1,1
0,0,1
0,0,1
0,1,1
0,0,1
0,1,1
0,1,1
1,1,1
0,0,1
0,1,1
0,0,1
0,0,1
0,0,1
0,1,1
0,0,1
0,1,1
0,0,1
0,1,1
0,1,1
0,1,1
0,1,1
0,0,1
0,1,1
0,1,1
0,1,1
0,0,1
0,0,1
1,0,1
0,1,1
0,1,1
0,0,1
1,1,1
0,1,1
0,1,1
0,1,1
0,1,1
0,1,1
0,0,1
0,0,1
0,0,1
0,0,1
0,1,1
0,0,1
0,0,1
0,0,1
0,0,1
0,1,1
0,0,1
0,1,1
1,1,1
0,1,1
0,1,1
0,1,1
0,1,1
0,0,1
1,1,1
0,0,1
0,0,1
1,1,1
0,0,1
0,1,1
0,0,1
0,0,1
1,0,1
0,0,1
0,0,1
0,0,1
0,0,1
0,0,1
1,0,1
0,1,1
0,1,1
1,0,1
0,1,1
0,0,1
0,0,1
0,0,1
0,0,1
1,0,1
0,1,1
0,1,1
0,0,1
0,0,1
0,1,1
0,0,1
0,1,1
0,1,1
0,1,1
0,1,1
1,0,1
0,0,1
0,0,1
0,1,1
0,1,1
0,0,1
0,1,1
0,0,1
0,0,1
0,0,1
0,1,1
0,0,1
1,0,1
1,0,1
0,0,1
0,1,1
0,0,1
0,1,1
1,1,1
0,1,1
0,1,1
1,1,1
0,0,1
0,0,1
0,0,1
1,0,1
0,0,1
0,0,1
0,0,1
0,1,1
1,0,1
0,0,1
0,1,1
1,1,1
0,0,1
0,0,1
0,0,1
0,1,1
0,0,1
0,0,1
0,0,1
0,1,1
0,1,1
0,1,1
0,0,1
1,0,1
0,0,1
1,1,1
0,0,1
0,1,1
0,0,1
1,1,1
0,1,1
0,1,1
0,1,1
0,0,1
0,1,1
1,0,1
0,0,1
0,0,1
0,0,1
0,0,1
0,0,1
0,1,1
0,1,1
0,0,1
0,0,1
0,1,1
0,0,1
0,1,1
0,1,1
0,0,1
0,0,1
0,0,1
0,1,1
0,1,1
0,0,1
0,1,1
1,1,1
0,0,1
0,0,1
0,0,1
0,1,1
0,1,1
0,1,1
0,1,1
0,1,1
0,1,1
0,0,1
0,0,1
0,0,1
0,1,1
0,0,1
1,0,1
0,1,1
0,0,1
0,1,1
0,0,1
0,1,1
0,1,1
0,1,1
0,1,1
0,1,1
0,0,1
0,0,1
0,0,1
0,0,1
0,0,1
0,1,1
0,0,1
0,1,1
0,1,1
0,0,1
0,1,1
0,1,1
0,1,1
0,0,1
0,1,1
0,0,1
0,1,1
0,0,1
0,1,1
1,0,1
0,0,1
0,1,1
0,1,1
0,0,1
0,0,1
0,1,1
0,1,1
0,0,1
0,1,1
0,0,1
0,0,1
0,1,1
0,0,1
0,0,1
0,0,1
0,0,1
0,1,1
0,0,1
0,0,1
0,1,1
0,0,1
0,0,1
0,1,1
0,0,1
0,0,1
0,1,1
0,0,1
0,0,1
1,1,1
0,1,1
0,1,1
0,1,1
0,1,1
0,0,1
0,1,1
0,0,1
0,1,1
0,1,1
0,0,1
0,0,1
0,1,1
0,1,1
1,1,1
0,0,1
0,1,1
0,0,1
0,1,1
0,1,1
0,0,1
0,0,1
0,1,1
0,1,1
0,1,1
0,0,1
0,1,1
0,1,1
0,1,1
1,1,1
0,1,1
0,1,1
0,1,1
0,0,1
0,0,1
0,1,1
0,0,1
0,0,1
0,0,1
1,1,1
0,1,1
0,1,1
0,0,1
1,0,1
0,0,1
0,0,1
0,0,1
0,0,1
0,1,1
0,0,1
0,1,1
0,0,1
0,1,1
0,1,1
0,0,1
0,0,1
1,0,1
0,0,1
0,1,1
1,1,1
0,1,1
0,0,1
0,1,1
0,1,1
0,0,1
0,1,1
0,0,1
0,0,1
0,1,1
0,0,1
0,1,1
1,1,1
0,0,1
1,0,1
1,0,1
0,0,1
0,1,1
0,1,1
0,1,1
0,0,1
0,1,1
0,1,1
0,1,1
0,1,1
0,1,1
0,1,1
0,0,1
0,1,1
1,1,1
0,1,1
1,1,1
0,0,1
0,1,1
1,0,1
0,0,1
0,0,1
0,1,1
0,0,1
0,0,1
0,1,1
0,1,1
0,1,1
0,0,1
0,1,1
0,0,1
0,1,1
0,1,1
0,0,1
0,0,1
0,0,1
0,1,1
0,1,1
0,0,1
0,1,1
0,0,1
0,0,1
0,0,1
0,0,1
0,0,1
0,1,1
0,0,1
0,0,1
0,0,1
0,1,1
0,1,1
0,1,1
0,0,1
0,0,1
0,1,1
0,1,1
0,0,1
0,1,1
0,0,1
0,1,1
0,1,1
0,0,1
0,0,1
0,1,1
0,0,1
0,1,1
0,0,1
0,1,1
0,0,1
0,0,1
0,1,1
1,1,1
0,0,1
0,1,1
0,1,1
0,1,1
0,0,1
1,0,1
0,0,1
0,0,1
0,0,1
0,1,1
0,0,1
0,1,1
1,1,1
0,0,1
0,1,1
0,0,1
0,1,1
0,1,1
0,1,1
0,0,1
0,0,1
0,0,1
0,0,1
0,0,1
0,1,1
0,0,1
0,0,1
1,1,1
0,0,1
0,1,1
0,1,1
0,0,1
0,1,1
0,1,1
0,0,1
0,1,1
1,1,1
0,0,1
0,0,1
0,0,1
0,1,1
0,0,1
0,0,1
0,0,1
0,0,1
0,0,1
0,0,1
0,1,1
0,0,1
0,0,1
1,1,1
0,0,1
0,1,1
0,1,1
0,1,1
0,0,1
0,0,1
0,0,1
0,1,1
0,0,1
0,0,1
0,1,1
0,1,1
0,1,1
0,0,1
0,0,1
1,1,1
1,1,1
0,0,1
0,1,1
0,1,1
0,1,1
0,1,1
0,1,1
0,0,1
0,1,1
0,0,1
0,0,1
0,1,1
0,0,1
0,1,1
0,1,1
0,0,1
0,1,1
0,1,1
1,1,1
0,0,1
1,0,1
0,0,1
0,0,1
0,1,1
0,0,1
0,1,1
0,1,1
0,0,1
0,0,1
0,0,1
0,1,1
0,1,1
0,0,1
0,0,1
0,0,1
0,0,1
0,1,1
0,0,1
0,1,1
0,1,1
0,1,1
0,1,1
0,1,1
0,0,1
0,1,1
0,0,1
0,0,1
0,0,1
0,1,1
1,1,1
0,1,1
0,1,1
0,0,1
0,1,1
0,0,1
0,1,1
0,0,1
0,1,1
0,1,1
0,1,1
0,0,1
0,1,1
0,1,1
0,1,1
0,0,1
0,0,1
0,1,1
0,0,1
0,0,1
0,1,1
0,0,1
0,1,1
0,1,1
0,1,1
0,1,1
0,1,1
0,0,1
0,1,1
0,0,1
0,1,1
0,0,1
1,1,1
0,0,1
0,0,1
0,0,1
0,0,1
0,0,1
0,1,1
0,1,1
0,0,1
0,0,1
0,1,1
0,1,1
0,1,1
0,1,1
0,1,1
0,1,1
0,1,1
0,1,1
0,0,1
0,0,1
0,1,1
0,1,1
0,1,1
0,0,1
0,0,1
0,1,1
0,0,1
0,1,1
1,1,1
0,0,1
0,0,1
1,1,1
0,1,1
0,0,1
0,0,1
0,0,1
0,1,1
0,1,1
0,0,1
0,0,1
0,0,1
0,1,1
0,1,1
0,0,1
0,0,1
0,1,1
0,0,1
0,0,1
0,1,1
0,0,1
0,1,1
0,0,1
0,0,1
0,1,1
0,1,1
0,1,1
0,0,1
0,0,1
0,1,1
0,1,1
0,1,1
0,0,1
0,0,1
0,0,1
0,0,1
0,0,1
0,1,1
0,1,1
0,0,1
0,0,1
0,0,1
0,1,1
0,1,1
0,0,1
0,1,1
1,1,1
0,0,1
0,1,1
1,0,1
0,1,1
0,0,1
0,0,1
0,0,1
0,0,1
0,0,1
0,0,1
0,1,1
0,0,1
0,0,1
0,1,1
0,0,1
0,0,1
0,1,1
0,0,1
0,0,1
0,1,1
0,1,1
0,1,1
0,0,1
0,0,1
0,0,1
0,0,1
0,1,1
0,1,1
0,0,1
0,1,1
0,0,1
0,0,1
0,1,1
0,1,1
0,1,1
0,1,1
0,1,1
0,1,1
0,1,1
0,1,1
0,0,1
0,0,1
0,1,1
0,0,1
0,0,1
0,1,1
0,0,1
0,0,1
0,1,1
0,1,1
0,1,1
0,1,1
0,1,1
0,1,1
0,0,1
0,1,1
0,0,1
0,1,1
0,0,1
0,1,1
0,0,1
0,1,1
0,0,1
0,0,1
0,1,1
1,0,1
0,0,1
0,0,1
0,0,1
0,1,1
0,1,1
0,0,1
0,0,1
0,1,1
0,0,1
0,0,1
0,0,1
0,1,1
0,0,1
0,1,1
0,0,1
0,0,1
0,0,1
0,0,1
0,1,1
0,0,1
0,0,1
0,1,1
0,1,1
1,0,1
0,1,1
0,0,1
0,1,1
0,1,1
0,1,1
0,1,1
0,1,1
0,0,1
0,1,1
1,1,1
0,0,1
0,0,1
1,1,1
0,0,1
0,1,1
0,1,1
0,0,1
0,1,1
0,1,1
0,1,1
0,1,1
0,0,1
0,0,1
0,0,1
1,0,1
0,1,1
0,1,1
0,1,1
0,1,1
0,0,1
0,1,1
0,0,1
0,1,1
0,1,1
0,0,1
0,0,1
0,1,1
0,1,1
0,0,1
0,1,1
0,1,1
0,0,1
0,1,1
0,0,1
0,1,1
0,1,1
0,0,1
0,0,1
0,1,1
0,1,1
1,1,1
0,0,1
0,1,1
0,0,1
0,0,1
0,1,1
0,0,1
0,0,1
0,1,1
0,0,1
0,1,1
0,1,1
0,1,1
0,1,1
0,0,1
0,1,1
0,1,1
1,1,1
0,0,1
0,1,1
0,0,1
0,1,1
0,0,1
0,0,1
0,0,1
0,1,1
0,1,1
0,1,1
0,1,1
0,0,1
0,1,1
0,1,1
0,0,1
0,0,1
0,1,1
0,0,1
0,0,1
0,1,1
0,0,1
0,0,1
0,1,1
0,1,1
0,1,1
0,0,1
0,0,1
0,1,1
0,1,1
0,1,1
0,0,1
0,1,1
0,0,1
0,1,1
1,1,1
0,1,1
0,1,1
0,0,1
1,1,1
0,0,1
0,1,1
0,1,1
0,1,1
0,1,1
0,1,1
0,1,1
0,1,1
0,0,1
0,1,1
0,0,1
0,1,1
1,1,1
0,0,1
0,0,1
0,0,1
0,1,1
0,1,1
0,1,1
0,1,1
0,0,1
0,0,1
0,1,1
0,0,1
0,0,1
0,1,1
0,1,1
0,1,1
0,0,1
1,1,1
0,1,1
0,0,1
0,1,1
0,1,1
0,1,1
0,1,1
0,0,1
0,1,1
0,1,1
0,0,1
0,0,1
0,1,1
0,1,1
0,1,1
0,1,1
0,1,1
0,1,1
0,1,1
0,0,1
0,1,1
1,1,1
0,0,1
0,1,1
1,1,1
0,1,1
0,0,1
1,1,1
1,0,1
0,1,1
0,0,1
0,0,1
0,1,1
0,1,1
0,1,1
0,1,1
0,1,1
0,0,1
0,0,1
0,0,1
0,1,1
0,1,1
0,1,1
0,0,1
0,0,1
0,1,1
0,1,1
0,0,1
1,0,1
0,1,1
0,1,1
0,1,1
0,1,1
0,1,1
1,1,1
0,0,1
0,0,1
0,1,1
0,0,1
1,1,1
0,1,1
0,1,1
0,1,1
0,1,1
0,0,1
0,0,1
0,1,1
0,0,1
0,0,1
0,0,1
0,1,1
0,1,1
0,1,1
0,1,1
0,1,1
0,0,1
0,1,1
0,1,1
0,1,1
0,1,1
0,1,1
0,0,1
1,1,1
0,1,1
0,1,1
0,0,1
0,1,1
0,0,1
0,0,1
0,1,1
0,1,1
0,1,1
0,0,1
1,1,1
0,0,1
0,0,1
0,1,1
0,1,1
0,0,1
0,1,1
0,0,1
0,0,1
0,0,1
0,1,1
0,0,1
0,0,1
0,0,1
0,0,1
0,0,1
0,0,1
0,1,1
0,0,1
0,1,1
0,0,1
0,0,1
1,0,1
0,0,1
0,1,1
0,0,1
0,0,1
0,0,1
0,0,1
0,1,1
0,1,1
0,1,1
0,1,1
0,1,1
0,0,1
0,1,1
0,1,1
0,1,1
0,1,1
0,0,1
0,0,1
0,1,1
0,1,1
0,0,1
0,1,1
0,1,1
0,0,1
0,1,1
0,0,1
0,1,1
0,0,1
0,0,1
0,0,1
0,0,1
0,1,1
0,1,1
0,0,1
0,0,1
0,0,1
0,0,1
0,0,1
0,1,1
0,1,1
0,1,1
0,0,1
0,0,1
0,1,1
0,0,1
0,0,1
0,0,1
0,1,1
0,1,1
0,1,1
0,0,1
0,0,1
0,0,1
0,0,1
0,1,1
1,1,1
0,1,1
0,1,1
0,0,1
0,1,1
0,0,1
0,1,1
0,0,1
0,0,1
0,0,1
0,1,1
0,0,1
0,0,1
0,0,1
1,1,1
0,0,1
0,0,1
0,0,1
0,0,1
0,0,1
0,0,1
0,1,1
0,1,1
0,1,1
0,1,1
0,1,1
0,1,1
0,1,1
0,0,1
0,0,1
0,0,1
0,1,1
0,1,1
0,0,1
0,1,1
0,1,1
0,0,1
0,1,1
0,1,1
0,1,1
0,1,1
0,0,1
0,1,1
0,0,1
0,1,1
0,1,1
0,1,1
0,1,1
0,0,1
0,1,1
0,1,1
0,0,1
0,1,1
0,0,1
0,0,1
0,0,1
0,0,1
0,1,1
0,1,1
0,1,1
0,0,1
0,0,1
0,0,1
0,0,1
0,0,1
0,1,1
1,0,1
0,1,1
0,1,1
0,0,1
0,0,1
0,1,1
0,0,1
0,0,1
0,1,1
0,1,1
0,1,1
0,0,1
0,1,1
0,0,1
0,0,1
0,1,1
0,1,1
1,1,1
0,1,1
0,0,1
0,0,1
1,1,1
0,1,1
0,0,1
0,0,1
0,0,1
0,0,1
0,0,1
0,1,1
0,1,1
0,0,1
0,0,1
0,0,1
0,1,1
0,0,1
0,0,1
0,0,1
0,0,1
0,0,1
0,0,1
0,1,1
0,1,1
0,1,1
0,1,1
0,0,1
0,0,1
0,0,1
0,0,1
1,0,1
0,1,1
0,1,1
0,0,1
0,0,1
0,0,1
0,1,1
0,0,1
0,0,1
0,1,1
0,1,1
0,1,1
0,0,1
0,0,1
0,1,1
0,0,1
0,1,1
0,1,1
0,0,1
0,1,1
0,0,1
0,0,1
0,0,1
0,0,1
0,1,1
0,1,1
0,1,1
0,1,1
0,1,1
0,0,1
0,0,1
0,0,1
0,1,1
0,1,1
0,1,1
0,0,1
0,1,1
0,1,1
0,0,1
0,1,1
0,0,1
0,1,1
0,0,1
0,0,1
1,1,1
0,0,1
0,1,1
0,0,1
0,0,1
0,0,1
0,1,1
0,1,1
0,0,1
0,1,1
0,1,1
0,0,1
0,0,1
0,0,1
0,0,1
0,1,1
0,1,1
0,1,1
0,0,1
1,0,1
0,1,1
0,0,1
0,1,1
0,0,1
0,0,1
0,0,1
0,1,1
0,0,1
0,0,1
0,1,1
0,0,1
0,0,1
0,0,1
0,0,1
0,0,1
0,0,1
0,0,1
0,0,1
0,1,1
0,0,1
0,1,1
0,1,1
0,0,1
0,1,1
0,1,1
0,0,1
1,0,1
0,1,1
0,1,1
0,1,1
0,1,1
1,1,1
0,1,1
0,0,1
0,1,1
0,0,1
0,0,1
0,0,1
0,0,1
0,1,1
0,1,1
0,0,1
1,1,1
0,0,1
0,0,1
0,0,1
0,1,1
0,1,1
0,0,1
0,1,1
0,1,1
0,0,1
0,0,1
0,0,1
0,0,1
0,1,1
0,0,1
0,0,1
0,0,1
0,0,1
0,0,1
0,0,1
0,1,1
0,0,1
0,0,1
1,1,1
0,0,1
0,0,1
0,0,1
0,0,1
0,0,1
0,0,1
0,0,1
0,0,1
0,0,1
0,1,1
1,1,1
0,0,1
0,0,1
0,0,1
0,0,1
0,0,1
0,0,1
0,1,1
0,1,1
0,1,1
0,1,1
0,1,1
0,0,1
0,1,1
0,1,1
0,1,1
0,0,1
0,0,1
0,0,1
0,1,1
0,0,1
0,0,1
0,1,1
0,0,1
0,1,1
0,1,1
0,0,1
0,0,1
0,0,1
0,1,1
0,1,1
0,0,1
0,0,1
0,0,1
0,0,1
0,0,1
0,0,1
0,1,1
0,0,1
0,0,1
0,0,1
0,0,1
0,1,1
0,0,1
0,0,1
0,1,1
0,1,1
0,0,1
0,1,1
0,1,1
0,1,1
0,0,1
0,0,1
1,1,1
0,0,1
0,0,1
0,0,1
0,0,1
0,0,1
0,0,1
0,1,1
0,1,1
0,1,1
0,1,1
1,1,1
0,1,1
1,1,1
1,1,1
0,1,1
0,1,1
0,0,1
0,0,1
1,1,1
0,1,1
0,1,1
0,0,1
1,1,1
0,0,1
0,0,1
1,1,1
1,1,1
0,1,1
0,1,1
0,1,1
0,0,1
0,1,1
0,1,1
0,1,1
0,0,1
1,1,1
1,1,1
0,0,1
0,1,1
0,0,1
0,1,1
0,0,1
0,0,1
1,1,1
0,0,1
0,0,1
1,1,1
0,1,1
0,0,1
1,1,1
1,0,1
0,0,1
0,1,1
0,1,1
0,0,1
0,1,1
1,0,1
0,1,1
0,0,1
0,1,1
0,1,1
1,0,1
0,0,1
0,1,1
0,1,1
0,1,1
1,1,1
1,1,1
0,0,1
1,1,1
1,1,1
1,1,1
0,1,1
1,1,1
0,1,1
0,1,1
0,1,1
1,1,1
1,1,1
0,0,1
0,1,1
0,0,1
1,1,1
0,1,1
1,1,1
0,1,1
0,0,1
1,0,1
0,0,1
0,1,1
0,1,1
1,1,1
0,1,1
0,1,1
1,1,1
0,1,1
1,1,1
0,0,1
1,1,1
1,1,1
1,1,1
0,0,1
1,1,1
0,0,1
1,0,1
0,1,1
1,1,1
0,0,1
0,0,1
0,0,1
0,0,1
1,1,1
1,1,1
1,0,1
0,0,1
0,0,1
0,0,1
0,1,1
1,1,1
1,0,1
0,1,1
0,1,1
0,1,1
0,1,1
0,0,1
0,1,1
0,1,1
1,1,1
1,0,1
0,1,1
0,1,1
1,1,1
0,0,1
1,0,1
0,0,1
0,1,1
0,1,1
0,1,1
0,1,1
0,1,1
0,1,1
0,1,1
0,1,1
0,0,1
0,1,1
0,1,1
0,1,1
1,1,1
0,1,1
0,0,1
1,1,1
0,0,1
0,1,1
0,0,1
0,0,1
0,0,1
1,1,1
1,1,1
0,1,1
0,1,1
0,1,1
1,1,1
0,0,1
0,0,1
0,1,1
1,0,1
0,1,1
0,1,1
1,1,1
0,0,1
1,1,1
1,1,1
0,1,1
1,1,1
1,1,1
1,1,1
0,0,1
1,1,1
1,0,1
0,1,1
0,1,1
0,0,1
1,1,1
1,1,1
0,0,1
0,0,1
0,0,1
0,1,1
1,1,1
0,1,1
1,1,1
1,0,1
0,0,1
0,1,1
0,0,1
0,1,1
1,1,1
1,1,1
0,0,1
1,1,1
1,0,1
0,1,1
1,0,1
0,1,1
0,1,1
0,1,1
0,1,1
0,1,1
1,1,1
0,0,1
1,1,1
0,0,1
0,1,1
0,1,1
1,1,1
0,1,1
0,0,1
1,1,1
1,0,1
0,1,1
1,1,1
0,1,1
0,0,1
0,0,1
0,0,1
0,1,1
0,0,1
1,1,1
0,1,1
0,1,1
0,1,1
0,0,1
0,0,1
0,1,1
0,1,1
1,1,1
1,0,1
0,1,1
0,0,1
0,1,1
1,1,1
1,1,1
1,1,1
0,1,1
1,1,1
0,1,1
0,0,1
0,0,1
1,1,1
0,0,1
0,1,1
1,1,1
1,1,1
0,0,1
1,1,1
1,1,1
0,0,1
1,1,1
0,1,1
0,0,1
0,1,1
0,0,1
1,0,1
0,0,1
0,0,1
0,1,1
0,1,1
1,1,1
1,1,1
0,0,1
0,0,1
1,0,1
0,1,1
1,1,1
1,1,1
0,1,1
0,1,1
1,0,1
1,1,1
1,1,1
0,1,1
0,1,1
0,1,1
1,1,1
0,0,1
1,1,1
1,1,1
0,0,1
0,0,1
1,1,1
1,1,1
1,1,1
0,0,1
1,1,1
0,0,1
0,1,1
0,1,1
0,0,1
0,0,1
0,1,1
0,0,1
1,0,1
0,1,1
0,0,1
1,0,1
0,1,1
0,0,1
1,1,1
0,0,1
1,1,1
0,1,1
0,0,1
0,0,1
1,1,1
0,0,1
1,1,1
0,0,1
0,0,1
0,1,1
0,0,1
0,1,1
0,0,1
1,1,1
0,1,1
0,1,1
0,1,1
0,0,1
0,0,1
0,1,1
0,0,1
0,1,1
1,1,1
1,1,1
0,1,1
0,0,1
1,0,1
1,0,1
1,1,1
0,0,1
0,0,1
1,0,1
0,1,1
0,0,1
1,1,1
0,1,1
0,1,1
1,0,1
0,1,1
1,1,1
0,1,1
1,1,1
0,1,1
0,0,1
0,1,1
0,0,1
1,1,1
0,0,1
0,1,1
1,1,1
0,0,1
1,0,1
1,1,1
0,1,1
0,0,1
0,1,1
0,1,1
1,1,1
1,1,1
1,1,1
0,1,1
0,0,1
1,1,1
1,1,1
0,0,1
1,1,1
1,0,1
0,0,1
0,0,1
0,0,1
0,1,1
1,0,1
1,1,1
0,1,1
0,1,1
0,1,1
0,1,1
0,1,1
0,1,1
1,1,1
0,1,1
1,1,1
0,0,1
0,1,1
0,0,1
0,1,1
0,1,1
0,0,1
1,1,1
1,1,1
1,1,1
0,1,1
0,1,1
1,0,1
0,1,1
1,0,1
0,1,1
1,0,1
0,0,1
1,1,1
1,1,1
0,1,1
1,1,1
1,1,1
0,0,1
1,1,1
0,0,1
0,1,1
0,1,1
0,1,1
0,0,1
1,1,1
0,0,1
0,0,1
0,1,1
0,0,1
0,1,1
1,1,1
1,0,1
0,0,1
0,0,1
1,0,1
0,1,1
0,0,1
0,1,1
1,1,1
1,1,1
0,0,1
0,1,1
0,0,1
0,1,1
0,1,1
1,1,1
0,0,1
0,0,1
1,1,1
0,1,1
1,1,1
0,0,1
1,1,1
0,1,1
1,0,1
0,1,1
1,0,1
1,1,1
0,1,1
1,0,1
1,1,1
0,0,1
0,0,1
0,1,1
1,1,1
1,0,1
1,1,1
1,1,1
0,0,1
0,1,1
1,0,1
0,0,1
0,1,1
0,0,1
0,1,1
0,0,1
1,0,1
0,1,1
1,1,1
0,0,1
0,1,1
1,0,1
1,0,1
0,0,1
0,1,1
0,0,1
1,1,1
0,0,1
0,1,1
0,0,1
1,0,1
0,1,1
1,1,1
0,1,1
0,1,1
0,0,1
1,1,1
1,0,1
0,0,1
0,0,1
0,0,1
1,1,1
0,0,1
1,1,1
0,1,1
1,1,1
0,1,1
0,1,1
0,1,1
1,1,1
0,1,1
0,0,1
0,0,1
1,1,1
0,1,1
0,0,1
0,0,1
0,0,1
0,0,1
1,1,1
0,1,1
1,1,1
0,0,1
0,0,1
1,1,1
0,0,1
1,1,1
0,1,1
1,1,1
0,1,1
0,1,1
0,1,1
0,0,1
0,0,1
1,1,1
1,0,1
0,0,1
0,0,1
1,1,1
0,0,1
0,1,1
0,0,1
0,0,1
0,1,1
1,0,1
0,0,1
1,1,1
0,1,1
0,1,1
1,1,1
0,0,1
0,0,1
1,1,1
0,0,1
0,0,1
0,1,1
1,1,1
1,1,1
0,1,1
0,1,1
1,0,1
0,0,1
0,1,1
0,1,1
0,0,1
0,0,1
0,1,1
1,0,1
0,0,1
1,1,1
1,1,1
0,1,1
1,0,1
1,1,1
0,1,1
0,1,1
0,1,1
0,0,1
1,1,1
0,0,1
1,1,1
0,0,1
0,1,1
1,1,1
0,1,1
1,1,1
0,1,1
0,1,1
0,0,1
0,1,1
0,1,1
0,1,1
0,0,1
0,1,1
1,1,1
0,0,1
1,0,1
0,1,1
0,1,1
0,0,1
0,1,1
0,1,1
0,0,1
1,1,1
0,1,1
0,0,1
0,0,1
1,1,1
0,0,1
0,0,1
1,1,1
0,0,1
1,1,1
0,0,1
0,1,1
0,1,1
0,0,1
1,1,1
1,1,1
1,1,1
1,1,1
1,1,1
0,1,1
1,1,1
0,1,1
0,0,1
0,1,1
1,1,1
0,1,1
1,1,1
0,0,1
0,0,1
0,1,1
0,0,1
1,1,1
1,1,1
0,0,1
0,1,1
1,1,1
0,0,1
1,1,1
0,1,1
0,1,1
1,1,1
0,1,1
1,1,1
1,1,1
0,1,1
1,1,1
0,0,1
0,0,1
0,1,1
0,1,1
0,0,1
0,0,1
0,1,1
0,1,1
1,1,1
0,0,1
0,0,1
1,1,1
1,1,1
1,1,1
0,0,1
0,0,1
1,1,1
1,1,1
1,1,1
0,1,1
1,1,1
0,0,1
1,0,1
0,0,1
0,0,1
1,1,1
0,1,1
1,0,1
0,1,1
0,1,1
0,1,1
1,1,1
0,1,1
0,0,1
1,1,1
0,0,1
0,0,1
0,0,1
0,0,1
1,1,1
0,0,1
0,0,1
0,0,1
1,0,1
0,1,1
0,1,1
0,1,1
1,1,1
1,1,1
0,1,1
1,1,1
1,0,1
0,1,1
0,1,1
0,0,1
0,0,1
1,1,1
0,1,1
1,1,1
0,0,1
0,0,1
1,1,1
0,0,1
1,1,1
0,0,1
1,1,1
0,0,1
1,1,1
1,1,1
0,0,1
0,1,1
1,1,1
1,1,1
0,0,1
1,1,1
0,0,1
0,1,1
1,1,1
0,1,1
0,0,1
0,1,1
0,0,1
1,1,1
0,1,1
0,0,1
0,1,1
0,1,1
0,1,1
1,1,1
1,0,1
1,0,1
0,1,1
0,1,1
0,0,1
0,1,1
0,1,1
0,0,1
0,1,1
1,1,1
0,1,1
0,1,1
1,1,1
1,1,1
1,0,1
0,1,1
1,1,1
1,1,1
0,1,1
0,1,1
0,1,1
1,1,1
0,0,1
0,0,1
0,1,1
1,1,1
1,1,1
0,0,1
1,1,1
1,0,1
1,1,1
0,1,1
0,0,1
1,1,1
0,1,1
0,0,1
0,0,1
0,0,1
0,0,1
0,0,1
0,1,1
0,0,1
0,1,1
0,1,1
0,0,1
0,1,1
0,1,1
0,1,1
0,0,1
0,0,1
1,1,1
0,0,1
0,1,1
0,1,1
0,1,1
0,1,1
1,1,1
0,1,1
1,1,1
0,0,1
0,0,1
0,0,1
1,0,1
0,1,1
0,1,1
1,1,1
0,1,1
1,0,1
0,1,1
1,0,1
0,1,1
1,0,1
0,0,1
0,1,1
0,0,1
0,1,1
1,1,1
0,0,1
0,1,1
1,0,1
0,0,1
1,0,1
0,0,1
1,1,1
0,1,1
1,1,1
0,1,1
0,0,1
0,1,1
1,1,1
1,1,1
0,0,1
0,0,1
0,1,1
0,1,1
0,0,1
0,1,1
1,1,1
0,0,1
0,1,1
0,0,1
1,0,1
0,0,1
0,0,1
1,1,1
0,1,1
1,0,1
0,0,1
1,1,1
1,1,1
1,1,1
0,1,1
0,1,1
0,1,1
0,0,1
1,1,1
0,0,1
0,1,1
1,1,1
0,1,1
1,1,1
0,1,1
0,0,1
0,0,1
0,1,1
0,0,1
0,1,1
1,0,1
0,0,1
1,1,1
0,0,1
0,0,1
0,0,1
1,1,1
1,1,1
0,1,1
0,0,1
0,1,1
0,1,1
1,1,1
1,0,1
0,1,1
0,1,1
1,1,1
1,1,1
0,0,1
1,1,1
1,0,1
1,1,1
1,0,1
0,1,1
1,1,1
0,1,1
1,0,1
1,0,1
0,1,1
1,1,1
1,0,1
0,1,1
0,0,1
1,1,1
0,0,1
1,1,1
0,1,1
1,1,1
1,1,1
0,0,1
1,1,1
0,0,1
1,1,1
1,0,1
0,0,1
0,1,1
1,1,1
0,0,1
1,1,1
1,1,1
1,1,1
1,1,1
1,0,1
1,1,1
1,1,1
1,1,1
1,1,1
1,1,1
0,1,1
1,1,1
1,0,1
1,0,1
0,1,1
0,1,1
0,0,1
1,1,1
1,1,1
1,1,1
0,0,1
1,1,1
0,0,1
0,1,1
0,1,1
1,1,1
1,1,1
1,0,1
0,0,1
1,1,1
1,1,1
1,1,1
1,1,1
1,1,1
1,1,1
1,1,1
1,1,1
0,1,1
0,1,1
1,0,1
1,1,1
1,1,1
0,1,1
0,1,1
1,1,1
0,0,1
1,1,1
1,1,1
0,0,1
1,1,1
1,0,1
1,1,1
1,0,1
1,0,1
1,0,1
1,1,1
1,1,1
1,0,1
0,1,1
1,1,1
1,1,1
0,1,1
1,0,1
1,1,1
1,0,1
1,1,1
1,1,1
1,1,1
1,1,1
1,0,1
1,1,1
1,1,1
0,1,1
0,0,1
1,1,1
1,0,1
1,0,1
1,1,1
1,1,1
0,0,1
1,1,1
1,0,1
1,1,1
1,1,1
0,1,0
1,1,1
1,1,1
1,1,1
1,0,1
0,0,1
1,1,1
1,1,1
1,1,1
1,1,1
1,0,1
1,1,1
1,1,1
1,1,1
0,1,1
1,0,1
0,1,1
1,1,1
0,1,1
0,1,1
1,1,1
1,1,1
0,0,1
1,0,1
0,0,1
0,0,1
0,0,1
1,0,1
0,0,1
1,1,1
1,1,1
1,1,1
1,1,1
1,1,1
0,1,1
0,0,1
1,1,1
1,1,1
1,1,1
1,1,1
1,1,1
1,1,1
1,0,1
1,1,1
1,1,1
1,1,1
1,1,1
1,0,1
1,1,1
0,1,1
1,1,1
1,1,1
1,1,1
1,1,1
1,1,1
0,1,1
1,1,1
0,0,1
1,1,1
1,0,1
1,0,1
1,1,1
1,1,1
0,1,1
1,1,1
1,1,1
1,1,1
1,0,1
1,0,1
1,1,1
0,0,1
1,1,1
1,1,1
1,1,1
1,0,1
0,1,1
1,1,1
0,1,1
0,1,1
1,1,1
1,1,1
1,1,1
1,1,1
1,0,1
0,1,1
1,1,1
1,1,1
1,1,1
1,0,1
0,1,1
0,0,1
1,1,1
0,1,0
0,0,1
1,1,1
1,1,1
1,1,1
1,1,1
1,0,1
1,1,1
1,1,1
1,1,1
1,1,1
0,0,1
1,1,1
0,1,1
1,1,1
1,1,1
0,0,1
0,0,1
1,1,1
0,0,1
0,1,1
1,1,1
1,0,1
1,1,1
1,1,1
1,1,1
1,1,1
0,0,1
1,1,1
0,0,1
1,1,1
0,1,1
1,0,1
0,1,1
1,1,1
1,0,1
1,1,1
0,1,1
1,1,1
1,0,1
1,1,1
1,1,1
1,1,1
1,1,1
1,1,1
0,1,1
1,0,1
1,0,1
0,1,1
1,1,1
1,1,1
0,1,1
1,1,1
0,0,1
1,1,1
1,1,1
1,1,1
1,0,1
0,1,1
1,1,1
1,1,1
1,1,1
0,0,1
1,1,1
1,0,1
0,1,1
0,0,1
1,1,1
1,1,1
1,1,1
1,1,1
1,1,1
1,1,1
1,1,1
0,1,1
1,1,1
1,1,1
1,1,1
0,0,1
0,1,1
0,0,1
1,0,1
1,0,1
0,0,1
1,1,1
0,0,1
1,1,1
1,1,1
1,1,1
0,0,1
1,1,1
1,0,1
1,1,1
1,1,1
1,1,1
1,1,1
1,1,1
1,0,1
1,1,1
1,0,1
0,1,1
1,1,1
1,1,1
0,0,1
1,1,1
1,0,1
1,1,1
0,0,1
1,1,1
1,1,1
0,1,1
0,1,1
1,1,1
1,1,1
1,1,1
1,0,1
1,1,1
1,1,1
1,1,1
0,1,1
1,1,1
0,1,1
1,1,1
1,0,1
1,1,1
1,1,1
1,1,1
1,1,1
1,1,1
1,1,1
1,1,1
1,1,1
1,1,1
1,1,1
1,0,1
1,1,1
1,0,1
1,1,1
1,1,1
1,1,1
1,1,1
1,1,1
1,0,1
1,1,1
1,0,1
1,1,1
1,1,1
1,1,1
0,0,1
1,1,1
1,0,1
1,1,1
1,1,1
1,1,1
1,1,1
1,1,1
1,1,1
1,1,1
1,0,1
1,1,1
1,1,1
1,1,1
1,0,1
1,1,1
1,1,1
1,0,1
1,1,1
1,1,1
1,1,1
1,1,1
1,1,1
1,1,1
1,1,1
1,1,1
1,1,1
1,1,1
1,1,1
0,1,1
1,1,1
1,1,1
1,1,1
1,1,1
1,0,1
1,1,1
1,1,1
1,1,1
1,1,1
1,1,1
1,1,1
1,0,1
1,1,1
1,1,1
1,1,1
1,1,1
1,1,1
1,1,1
1,1,1
1,1,1
1,1,1
1,1,1
0,1,1
1,1,1
1,1,1
1,1,1
1,1,1
1,1,1
1,0,1
0,0,0
1,1,1
1,1,1
1,1,1
1,1,1
1,1,1
1,1,1
1,1,1
0,0,0
1,1,1
1,1,1
1,1,1
1,0,1
1,1,1
1,0,1
1,1,1
1,1,1
1,1,1
1,1,1
1,1,1
1,1,1
1,1,1
0,0,1
1,1,1
1,1,1
1,1,1
1,1,1
1,1,1
1,1,1
1,1,1
1,1,1
1,1,1
1,0,1
1,1,1
1,1,1
1,1,1
1,0,1
1,1,1
1,1,1
1,1,1
1,1,1
1,1,1
1,1,1
0,1,0
1,1,1
1,1,1
1,1,1
1,1,1
0,0,0
1,0,1
1,1,1
1,1,1
1,1,1
1,1,1
1,1,1
1,1,1
1,1,1
1,1,1
0,0,1
1,0,1
1,1,1
1,1,1
1,1,1
1,0,1
1,0,1
1,1,1
1,1,1
1,1,1
1,1,1
1,0,1
1,1,1
1,1,1
1,1,1
1,1,1
0,0,0
1,0,1
1,1,1
1,1,1
1,1,1
1,1,1
1,1,1
1,0,1
1,1,1
1,1,1
1,1,1
1,1,1
1,1,1
1,1,1
1,1,1
1,1,1
1,0,1
1,1,1
0,1,1
1,1,1
1,1,1
1,0,1
0,0,1
0,0,0
1,1,1
1,1,1
1,1,1
1,1,1
1,0,1
1,1,1
1,1,1
1,1,1
1,1,1
1,1,1
1,1,1
1,1,1
1,1,1
1,1,1
1,1,1
0,0,0
1,1,1
1,1,1
1,0,1
1,1,1
1,0,1
1,0,1
1,1,1
1,1,1
1,0,1
1,1,1
1,1,1
1,1,1
1,1,1
0,1,1
1,1,1
1,1,1
1,0,1
1,1,1
1,0,1
1,1,1
0,1,1
1,1,1
0,1,0
1,1,1
1,1,1
1,1,1
1,1,1
0,1,1
1,1,1
1,1,1
1,1,1
1,1,1
1,1,1
1,1,1
1,1,1
1,0,1
1,1,1
1,1,1
1,1,1
1,1,1
1,1,1
1,1,1
1,1,1
1,1,1
1,1,1
1,1,1
1,1,1
0,1,1
1,1,1
1,1,1
1,1,1
1,1,1
1,1,1
1,1,1
0,0,1
1,1,1
1,1,1
1,1,1
1,1,1
1,0,1
1,0,1
1,1,1
0,0,0
1,1,1
1,1,1
1,1,1
1,1,1
1,1,1
1,1,1
1,0,1
1,1,1
1,1,1
1,1,1
1,1,1
1,0,1
1,1,1
1,1,1
1,1,1
1,1,1
1,1,1
1,1,1
1,1,1
1,0,1
0,0,1
1,1,1
1,1,1
1,1,1
1,1,1
1,1,1
1,1,1
1,1,1
1,1,1
1,1,1
1,0,1
0,0,1
1,1,1
1,1,1
1,0,0
1,0,1
1,1,1
0,0,0
1,1,1
1,0,1
1,1,1
1,1,1
1,1,1
1,1,1
1,1,1
1,1,1
1,1,1
1,1,1
1,0,1
1,1,1
1,1,1
1,1,1
1,0,1
1,1,1
1,0,1
1,0,1
1,1,1
1,1,1
1,1,1
0,1,0
1,0,1
1,1,1
1,1,1
1,1,1
1,1,1
1,1,1
1,1,1
1,1,1
1,1,1
1,1,1
1,1,1
1,0,1
1,1,1
0,0,0
0,1,0
1,1,1
1,1,1
1,1,1
1,0,1
1,1,1
1,0,1
1,1,1
1,1,1
1,0,1
1,1,1
1,1,1
1,1,1
1,0,1
1,1,1
0,0,1
1,1,1
1,1,1
1,1,1
1,1,1
1,1,1
1,1,1
0,1,1
0,1,0
1,1,1
1,1,1
1,1,1
1,1,1
1,1,1
1,1,1
1,1,1
1,1,1
1,1,1
1,1,1
1,1,1
1,1,1
0,1,1
1,1,1
1,1,1
1,1,1
1,1,1
1,1,1
1,1,1
1,0,1
1,1,1
1,0,1
1,1,1
1,1,1
1,1,1
1,0,1
1,0,1
1,1,1
1,1,1
1,1,1
1,1,1
1,1,1
1,0,1
1,1,1
1,1,1
1,0,1
1,1,1
1,0,1
1,1,1
1,0,1
1,1,1
1,1,1
1,1,1
1,1,1
1,1,1
1,1,1
1,1,1
1,1,1
1,1,1
1,0,1
1,1,1
1,1,1
1,1,1
0,0,0
1,1,1
1,1,1
1,1,1
1,1,1
1,1,1
1,1,1
1,0,1
1,1,1
1,1,1
1,0,1
1,1,1
1,1,1
1,1,1
1,1,1
1,1,1
1,1,1
1,0,1
1,1,1
0,1,1
1,1,1
1,1,1
1,1,1
0,0,1
1,1,1
1,1,1
1,0,1
1,1,1
1,1,1
1,1,1
1,1,1
1,1,1
1,1,1
1,1,1
1,1,1
1,1,1
0,1,0
1,1,1
1,1,1
1,1,1
1,0,1
0,1,1
1,1,1
1,0,1
1,1,1
1,1,1
1,1,1
1,1,1
1,1,1
1,1,1
1,1,1
0,1,0
0,0,0
1,1,1
1,1,1
1,1,1
1,0,1
1,1,1
1,0,1
1,1,1
1,1,1
1,1,1
0,0,0
1,0,1
1,1,1
1,1,1
1,1,1
1,1,1
1,1,1
1,1,1
1,1,1
1,1,1
1,0,1
1,1,1
1,1,1
1,0,1
1,1,1
1,1,1
1,1,1
1,1,1
1,0,1
1,1,1
1,1,1
1,1,1
1,0,1
0,1,1
1,0,1
1,1,1
1,1,1
1,1,1
1,1,1
1,1,1
1,1,1
1,1,1
1,1,1
1,1,1
1,1,1
1,0,1
1,1,1
1,1,1
1,1,1
1,1,1
1,0,1
1,1,1
1,1,1
1,1,1
0,1,0
1,1,1
0,1,1
1,0,1
1,1,1
1,1,1
1,1,1
1,1,1
1,0,1
1,1,1
1,1,1
1,1,1
1,0,1
1,1,1
1,1,1
0,1,1
1,1,1
0,0,1
1,1,1
1,1,1
1,1,1
1,1,1
1,1,1
1,0,1
1,1,1
1,1,1
1,1,1
1,1,1
1,0,1
1,1,1
1,1,1
1,1,1
1,1,1
1,0,1
1,1,1
1,1,1
1,1,1
1,1,1
1,1,1
1,1,1
1,1,1
1,1,1
1,1,1
1,0,1
1,1,1
1,1,1
1,1,1
1,1,1
1,1,1
1,1,1
1,1,1
1,1,1
1,1,1
1,1,1
1,1,1
1,0,1
1,1,1
1,1,1
1,1,1
1,0,1
0,0,0
1,1,1
1,0,1
1,1,1
1,0,1
1,1,1
0,0,1
1,1,1
1,1,1
1,1,1
1,0,1
0,1,1
1,1,1
1,1,1
1,1,1
1,0,1
1,1,1
1,1,1
1,1,1
1,1,1
1,1,1
1,1,1
0,1,1
1,1,1
1,1,1
1,1,1
1,1,1
1,1,1
1,1,1
0,0,0
1,1,1
1,1,1
1,1,1
1,1,1
1,0,1
0,1,0
1,1,1
1,0,0
1,0,1
1,0,1
1,1,1
1,0,1
1,1,1
1,1,1
1,0,1
1,1,1
1,1,1
0,1,0
1,1,1
1,1,0
1,1,1
1,1,1
1,1,1
1,0,1
0,0,0
1,1,1
1,1,1
0,0,1
1,0,1
1,1,1
1,1,1
1,1,1
1,1,1
1,1,1
1,1,1
0,1,1
1,0,1
0,0,0
1,1,1
0,0,0
1,1,1
1,1,1
1,1,1
1,1,1
1,1,1
1,1,1
1,1,1
1,1,1
1,1,1
1,1,1
1,1,1
0,1,0
0,0,0
0,0,0
1,1,1
0,1,1
1,0,1
1,1,1
1,1,1
1,1,1
1,1,1
1,1,1
1,1,1
1,1,1
0,1,0
0,0,1
1,1,1
1,1,1
1,0,1
0,1,1
1,1,1
1,0,1
1,0,1
1,1,1
1,1,1
1,0,1
1,0,1
1,1,1
1,0,1
1,1,1
1,1,1
0,0,0
1,1,1
1,1,1
1,1,1
1,1,1
1,1,1
1,0,1
1,1,1
1,1,1
1,1,1
0,0,0
0,0,0
1,1,1
1,1,1
1,1,1
1,1,1
1,1,1
1,1,1
1,1,1
1,1,1
1,1,1
1,1,1
1,1,1
0,1,0
1,1,1
1,1,1
1,1,1
1,0,1
1,1,1
1,1,1
1,1,1
1,1,1
1,1,1
1,0,1
1,1,1
0,1,1
1,1,1
1,1,1
0,1,0
1,1,1
1,1,1
1,1,1
0,1,1
0,1,0
1,1,1
1,1,1
1,1,1
1,1,1
1,1,1
1,1,1
1,1,1
0,0,0
1,1,1
1,1,1
1,1,1
1,1,1
1,1,1
0,1,0
0,0,0
1,1,1
1,1,1
1,1,1
1,1,1
0,1,0
1,1,1
1,1,1
1,1,1
1,1,1
1,1,1
1,0,1
1,1,1
1,1,1
1,1,1
1,0,1
1,1,1
1,1,1
0,0,0
0,0,0
0,1,0
1,1,1
1,1,1
1,1,1
1,1,1
1,1,1
1,1,1
1,1,1
1,1,1
1,1,1
1,1,1
1,1,1
1,1,1
1,1,1
1,1,1
1,0,1
1,1,1
1,1,1
0,0,0
1,0,1
1,1,1
1,1,1
1,1,1
1,1,1
1,1,1
1,1,1
1,1,1
0,1,0
1,0,1
1,1,1
0,1,0
1,0,1
1,1,1
1,1,1
1,0,1
0,0,0
1,1,1
1,0,1
1,1,1
0,1,0
1,1,1
1,1,1
1,1,1
1,1,1
0,0,0
1,0,1
1,1,1
1,1,1
1,1,1
0,0,0
1,1,1
1,1,1
1,1,1
1,0,1
1,1,1
1,0,1
1,1,1
0,0,0
1,1,1
1,1,1
1,1,1
1,1,1
1,1,1
1,1,1
1,1,1
1,0,1
1,1,1
1,1,1
1,1,1
1,1,1
1,1,1
1,1,1
1,1,1
1,1,1
1,0,1
1,1,1
1,1,1
1,1,1
1,1,1
1,1,1
1,1,1
1,1,1
1,1,1
1,1,1
1,1,1
1,1,1
0,0,0
0,1,0
1,1,1
1,0,1
1,1,1
1,1,1
1,1,1
1,1,1
1,1,1
1,1,1
1,1,1
1,1,1
1,1,1
1,1,1
1,1,1
1,1,1
1,1,1
1,1,1
0,1,0
0,1,0
1,1,1
1,1,1
1,1,1
1,1,1
1,0,1
1,0,1
1,0,1
0,1,1
1,1,1
1,1,1
1,0,1
1,1,1
1,1,1
1,1,0
1,0,1
0,1,1
1,1,1
1,1,1
1,1,1
1,1,1
1,0,1
1,1,1
1,1,1
1,0,1
1,1,1
1,0,1
0,1,0
1,1,1
1,1,1
0,0,0
1,1,1
1,1,1
1,1,1
1,1,1
1,1,1
1,1,1
1,1,1
0,0,1
1,1,1
1,1,1
1,1,1
0,1,0
1,1,1
1,1,1
1,1,1
0,1,1
1,1,1
1,1,1
1,1,1
1,1,1
0,0,1
1,1,1
1,1,1
1,1,1
1,1,1
1,1,1
1,1,1
1,1,1
1,1,1
1,0,0
1,1,1
1,1,1
0,0,0
0,1,0
1,1,1
1,0,1
1,1,1
1,1,1
1,0,1
1,1,1
1,1,1
1,1,1
0,0,0
1,1,1
1,1,1
1,1,1
0,1,1
1,1,1
0,1,0
0,0,0
1,1,1
1,1,1
0,1,0
1,1,1
1,1,1
1,1,1
1,1,1
1,1,1
1,1,1
1,1,1
1,1,0
0,0,0
1,1,1
1,1,1
0,0,0
1,1,1
1,0,0
0,1,0
1,1,1
1,1,1
1,1,1
1,1,1
1,1,1
0,0,0
0,1,0
1,0,1
0,1,1
0,0,0
1,1,1
1,1,1
1,1,1
1,1,1
1,1,1
0,0,1
1,1,1
1,0,1
0,0,0
1,1,1
1,0,1
1,1,1
1,1,1
0,0,0
1,1,1
1,1,1
1,1,1
0,0,0
1,1,1
1,1,1
1,1,1
1,1,1
1,1,1
1,1,1
1,1,1
1,1,0
0,1,0
1,1,1
1,1,1
1,1,1
0,1,0
1,1,1
1,1,1
1,1,1
1,1,1
1,1,1
0,1,0
1,1,1
1,1,1
0,1,0
1,1,1
0,1,0
1,1,1
0,0,0
1,1,0
1,1,1
1,1,1
1,1,1
1,1,1
1,1,1
0,0,0
0,0,1
1,1,1
0,1,0
1,0,1
1,1,1
1,1,1
0,1,1
0,1,1
1,1,0
1,1,1
1,1,0
1,1,1
0,0,0
1,1,1
1,1,1
1,1,1
1,1,1
1,1,1
1,1,1
1,1,1
1,1,1
0,0,0
1,1,1
1,1,1
1,1,1
1,1,1
0,0,0
1,1,1
1,1,0
1,1,1
1,1,1
0,1,0
1,1,1
0,1,0
1,1,1
1,1,1
1,1,1
1,1,1
0,1,0
1,1,1
0,1,0
1,1,1
0,0,1
1,1,1
1,1,1
1,1,1
1,0,0
0,1,1
1,1,1
0,1,0
1,1,1
1,1,1
0,0,0
0,0,0
0,0,0
1,1,1
1,1,1
1,1,1
1,1,1
1,1,1
0,1,0
1,1,1
1,0,1
1,1,1
0,1,0
1,1,1
1,1,1
1,1,1
0,0,1
1,1,1
1,0,1
0,0,0
1,1,1
1,1,1
1,1,1
0,1,0
1,1,1
0,0,0
0,0,0
1,1,1
1,1,0
1,1,1
0,1,0
1,1,1
1,1,1
0,0,0
1,0,1
0,0,1
1,1,1
1,1,1
1,1,1
1,1,1
1,1,1
1,1,1
0,1,0
1,1,1
1,0,1
1,1,1
1,1,1
1,1,1
1,1,1
1,1,0
1,1,1
1,1,1
0,0,1
1,1,1
1,1,1
1,1,1
1,1,1
0,0,0
1,0,1
1,0,0
1,1,1
0,1,1
0,1,1
1,1,1
1,1,1
1,1,1
1,1,1
1,1,1
0,1,0
1,1,1
1,1,1
1,1,1
1,1,1
1,1,1
1,1,1
1,1,1
1,1,1
1,1,1
1,1,0
0,1,0
1,1,1
1,1,1
1,1,1
1,1,1
1,1,1
1,1,1
1,1,1
1,1,1
0,0,0
1,1,1
1,1,1
1,1,1
1,1,1
1,0,1
1,1,1
0,1,0
1,1,1
1,1,1
1,1,1
0,1,0
1,1,1
0,0,1
0,1,0
0,0,1
0,0,0
1,1,1
0,0,0
0,0,0
1,1,1
0,1,0
1,1,1
1,1,0
1,1,1
1,1,1
1,1,1
1,1,0
1,1,1
1,1,1
0,0,1
1,1,1
1,1,1
1,1,1
1,0,1
1,1,1
1,1,1
1,1,1
1,1,1
1,1,1
1,1,1
1,1,1
0,0,0
1,1,1
0,0,0
0,1,0
0,1,0
1,1,1
1,1,1
0,1,0
0,0,0
1,1,1
1,0,1
1,1,1
1,1,1
1,1,1
1,1,1
1,1,1
1,1,1
0,1,0
1,1,1
1,1,1
1,1,1
0,0,1
1,1,1
0,1,0
1,1,1
1,1,1
1,1,1
1,1,1
1,1,1
1,1,1
0,1,0
1,1,1
1,1,1
1,1,1
1,1,1
1,1,1
1,1,1
1,1,1
1,1,1
1,1,1
1,1,1
1,1,1
1,1,1
1,1,1
1,1,1
1,1,1
1,1,1
1,1,1
1,1,1
1,1,1
0,0,0
1,1,1
1,1,1
0,1,0
1,1,1
1,1,1
1,1,1
1,1,1
1,1,1
1,1,1
1,1,1
1,1,1
1,1,1
1,1,1
1,0,1
1,1,1
0,0,0
1,1,1
0,1,0
1,1,1
1,1,1
1,1,1
1,1,1
1,1,1
0,1,0
1,1,1
1,1,1
1,1,1
1,1,1
0,1,0
1,0,1
1,0,1
1,1,1
1,1,1
0,0,0
1,1,1
1,1,1
1,1,1
1,1,1
0,0,0
0,1,0
0,0,0
1,1,1
1,1,1
1,1,1
1,1,1
1,1,1
1,1,1
1,1,1
1,1,1
1,1,1
0,1,0
0,1,0
1,1,1
1,1,1
1,1,1
1,1,1
1,1,1
1,1,1
0,0,1
1,1,1
1,1,1
0,1,0
1,0,1
1,1,1
0,1,0
1,1,1
1,1,1
1,1,1
1,1,1
1,1,1
0,0,0
1,1,1
0,0,0
0,1,0
0,1,0
1,1,1
0,1,0
1,1,1
1,1,1
1,1,1
0,1,0
1,1,1
0,1,1
0,0,1
1,1,1
1,1,1
1,1,1
0,1,0
1,1,1
0,0,0
1,1,1
1,1,1
0,0,0
0,1,0
1,1,1
1,1,1
1,1,1
1,1,1
0,0,0
0,1,0
1,1,1
1,1,1
1,0,1
1,0,1
1,1,1
0,1,0
0,1,0
1,0,1
1,1,1
1,1,1
1,1,1
1,1,1
1,1,1
1,0,1
0,0,1
1,1,1
1,1,1
1,1,1
0,1,1
1,1,1
1,1,1
1,1,1
0,1,0
1,0,1
0,0,0
1,1,1
1,1,1
1,1,1
1,1,1
1,1,1
1,1,1
1,1,1
0,1,0
1,1,1
0,1,1
0,1,0
1,1,1
0,0,1
1,1,1
1,1,1
0,1,0
0,1,1
1,1,1
1,1,1
0,0,1
1,1,1
0,0,1
1,1,1
0,0,0
1,1,1
1,1,1
1,1,1
1,1,1
1,0,1
1,1,1
0,0,0
0,0,1
1,1,1
0,0,0
0,0,0
0,0,0
1,1,1
1,1,1
1,1,1
0,1,0
1,1,1
0,0,1
1,1,1
1,1,1
1,1,1
1,1,1
1,1,1
1,1,1
1,1,1
0,1,0
1,1,1
0,0,0
1,0,0
1,1,1
1,1,1
1,1,1
0,1,0
1,1,1
1,1,1
1,1,1
0,1,0
1,1,1
1,1,1
0,0,0
0,1,0
1,1,1
1,1,1
1,1,1
1,1,1
1,1,1
1,1,0
1,1,1
0,0,0
1,1,1
1,1,1
0,0,1
1,1,1
0,1,1
1,1,1
1,1,1
0,1,0
1,1,1
1,1,1
1,1,1
1,1,1
0,1,0
1,1,1
1,1,1
1,1,1
1,1,1
0,0,0
1,1,0
0,0,0
1,1,1
0,1,0
1,1,1
1,1,1
0,1,0
0,0,1
1,1,1
1,1,1
1,1,1
0,0,0
0,1,0
1,1,1
1,1,1
0,0,0
1,1,1
1,1,1
0,1,0
1,1,1
1,1,1
1,1,1
0,1,1
1,0,1
0,0,0
1,1,1
1,1,1
1,1,1
1,1,1
1,1,1
1,1,1
0,0,0
1,1,1
1,1,1
0,0,0
0,1,0
1,1,1
1,1,1
1,1,1
1,1,1
0,0,0
1,1,1
1,1,1
1,1,1
0,1,0
1,1,1
1,0,1
0,1,1
1,1,1
1,1,1
1,1,1
0,1,0
0,1,0
0,0,0
0,1,0
1,1,1
1,1,1
0,1,0
1,1,1
1,1,1
1,1,1
0,0,0
1,1,1
0,0,0
1,1,1
1,1,1
1,1,1
1,1,1
0,0,1
1,1,1
1,1,1
1,0,1
1,0,1
1,1,1
0,1,0
1,1,1
1,1,1
0,1,0
1,1,1
1,1,1
1,1,1
1,1,1
1,1,1
1,1,1
0,0,0
1,1,1
1,1,1
0,1,0
1,1,1
0,1,0
1,1,1
1,1,1
1,1,1
0,0,0
1,1,1
1,1,1
0,1,1
0,0,0
1,1,1
0,1,0
1,1,1
0,1,0
1,1,1
0,0,0
1,1,1
1,1,1
1,1,1
0,0,0
1,0,1
1,0,1
1,1,1
1,1,1
1,1,1
1,1,1
0,1,1
1,0,1
1,1,1
1,1,1
1,1,1
1,1,1
1,0,0
1,1,1
1,1,1
1,0,1
0,0,1
1,1,1
1,1,1
0,1,0
1,1,1
1,1,1
1,1,1
1,1,1
1,1,1
1,1,1
0,1,1
1,1,1
0,0,0
1,1,1
1,1,1
1,1,1
0,0,0
1,1,1
1,1,1
0,0,0
1,1,1
1,1,1
0,0,0
1,1,1
0,0,0
1,1,1
1,1,1
1,1,1
1,1,1
1,0,1
1,1,1
0,1,0
0,0,0
1,1,1
1,1,1
0,0,0
0,1,1
1,1,1
1,1,1
1,1,1
1,1,1
1,1,1
1,1,1
0,0,0
1,1,1
0,0,0
1,1,1
1,1,1
1,1,1
1,1,1
1,1,1
1,0,1
1,1,1
1,1,1
0,0,0
0,0,0
1,1,1
0,0,0
1,1,1
0,0,0
1,1,1
0,0,0
1,1,1
1,0,1
1,1,1
1,1,1
1,1,1
1,1,1
1,1,1
1,1,1
0,1,0
0,1,0
1,1,1
1,1,1
1,1,1
1,1,1
1,1,1
1,1,1
1,1,1
0,0,0
1,1,1
1,1,1
0,0,0
1,1,1
1,1,1
1,1,1
1,1,1
1,1,1
1,1,1
0,0,0
0,0,0
0,1,0
1,1,1
1,1,1
0,0,0
1,1,1
1,1,1
0,1,1
1,1,1
0,0,1
1,1,1
1,1,1
0,0,0
0,1,0
1,1,1
1,1,1
1,1,1
1,1,1
1,1,1
0,1,0
0,0,0
1,1,1
0,1,0
0,1,0
1,1,1
1,1,1
1,1,1
1,1,1
1,1,1
1,1,1
1,1,1
1,1,1
1,1,1
1,0,1
1,1,1
1,1,1
0,1,0
1,1,1
1,1,1
1,1,1
1,1,1
1,1,0
1,1,1
0,0,0
0,0,0
0,1,0
1,0,1
1,1,1
1,1,1
1,1,1
1,1,1
1,0,1
1,1,1
1,0,1
0,0,0
0,1,1
1,1,1
1,1,1
1,1,1
0,0,0
1,1,1
1,1,0
1,1,1
1,1,1
1,1,1
1,1,1
1,1,1
0,0,0
0,1,1
1,0,1
1,0,0
1,1,1
1,1,1
1,0,1
1,0,1
1,1,1
0,1,0
1,1,1
1,0,1
1,1,1
1,1,1
1,1,1
0,1,0
1,1,1
0,0,1
1,1,1
0,1,0
1,1,1
1,0,1
1,1,1
1,1,1
1,1,1
1,1,1
1,1,1
1,1,1
1,1,1
1,1,1
1,1,1
1,0,1
1,1,1
1,1,1
1,1,1
0,0,0
0,0,0
1,1,1
1,1,1
1,1,1
1,1,1
1,1,1
1,1,1
1,1,1
1,1,1
1,1,1
1,1,1
1,1,1
1,1,1
1,1,1
1,1,1
1,1,1
1,1,1
1,1,1
1,1,1
1,1,1
1,1,1
1,1,1
1,1,1
1,1,1
1,1,1
1,1,1
1,1,1
1,1,1
1,1,1
1,1,1
1,1,1
1,1,1
1,1,1
1,1,1
1,1,1
1,1,1
1,1,1
1,1,1
1,1,1
1,1,1
1,1,1
0,1,0
1,1,1
0,1,0
1,1,1
1,1,1
1,1,1
1,1,1
1,1,1
1,1,1
1,1,1
1,1,1
1,1,1
1,1,1
1,1,1
1,1,1
1,1,1
1,1,1
1,1,1
1,1,1
1,1,1
1,1,1
1,1,1
1,1,1
1,1,1
1,1,1
1,1,1
1,1,1
1,1,1
1,1,1
1,1,1
0,1,0
1,1,1
1,1,1
1,1,1
1,1,1
1,1,1
1,1,1
1,1,1
1,1,1
1,1,1
1,1,1
1,1,1
1,1,1
1,1,1
1,1,1
1,1,1
1,1,1
1,1,1
1,1,1
1,1,1
1,1,1
1,1,1
1,1,1
1,1,1
1,1,1
1,1,1
1,1,1
1,1,1
1,1,1
1,1,1
1,1,1
1,1,1
1,1,1
1,1,1
1,1,1
1,1,1
1,1,1
1,1,1
1,1,1
1,1,1
1,1,1
1,1,1
1,1,1
1,1,1
1,1,1
1,1,1
1,1,1
1,1,1
1,1,1
1,1,1
1,1,1
1,1,1
0,1,1
1,1,1
1,1,1
1,1,1
1,1,1
1,1,1
1,1,1
1,1,1
1,1,1
1,1,1
1,1,1
1,1,1
1,1,1
1,1,1
1,1,1
1,1,1
1,1,1
1,1,1
1,1,1
1,1,1
1,1,1
1,1,1
0,0,0
1,1,1
1,1,1
1,1,1
1,1,1
0,0,0
1,1,1
1,1,1
1,1,1
1,1,1
1,1,1
1,1,1
1,1,1
1,1,1
1,1,1
1,1,1
1,1,1
1,1,1
1,1,1
1,1,1
1,1,1
1,1,1
1,1,1
1,1,1
1,1,1
1,1,1
1,1,1
1,1,1
1,1,1
1,1,1
1,1,1
1,1,1
1,1,1
1,1,1
1,1,1
1,1,1
1,1,1
1,1,1
1,1,1
1,1,1
1,1,1
1,1,1
1,1,1
1,1,1
1,1,1
1,1,1
1,1,1
1,1,1
1,1,1
1,1,1
1,1,1
1,1,1
0,1,0
1,1,1
1,1,1
1,1,1
1,1,1
1,1,1
1,1,1
1,1,1
1,1,1
0,0,0
1,1,1
1,1,1
1,1,1
1,1,1
1,1,1
1,1,1
1,1,1
1,1,1
1,1,1
1,1,1
0,1,0
1,1,1
1,1,1
1,1,1
1,1,1
0,1,0
1,1,1
1,1,1
1,1,1
1,1,1
1,1,1
1,1,1
1,1,1
1,1,1
1,1,1
1,1,1
1,1,1
1,1,1
1,1,1
1,1,1
1,1,1
1,1,1
1,1,1
1,1,1
1,1,1
1,1,1
1,1,1
1,1,1
1,1,1
1,1,1
1,1,1
1,1,1
1,1,1
1,1,1
1,1,1
1,1,1
1,1,1
1,1,1
1,1,1
1,1,1
1,1,1
1,1,1
1,1,1
1,1,1
1,1,1
1,1,1
1,1,1
0,0,0
1,1,1
1,1,1
1,1,1
1,1,1
1,1,1
1,1,1
1,1,1
1,1,1
1,1,1
1,1,1
1,1,1
1,1,1
1,1,1
1,1,1
1,1,1
1,1,1
1,1,1
0,0,0
1,1,1
1,1,1
1,1,1
1,1,1
1,1,1
1,1,1
1,1,1
1,1,1
1,1,1
1,1,1
1,1,1
1,1,1
1,1,1
1,1,1
1,1,1
1,1,1
1,1,1
1,1,1
1,1,1
1,1,1
1,1,1
1,1,1
1,1,1
1,1,1
1,1,1
1,1,1
1,1,1
1,1,1
1,1,1
1,1,1
1,1,1
1,1,1
1,1,1
1,1,1
1,1,1
1,1,1
1,1,1
1,1,1
1,1,1
1,1,1
1,1,1
1,1,1
1,1,1
1,1,1
1,1,1
1,1,1
1,1,1
1,1,1
1,1,1
1,1,1
1,1,1
0,0,0
1,1,1
1,1,1
1,1,1
1,1,1
1,1,1
1,1,1
1,1,1
1,1,1
1,1,1
1,1,1
1,1,1
1,1,1
1,1,1
1,1,1
1,1,1
1,1,1
1,1,1
1,1,1
1,1,1
1,1,1
1,1,1
1,1,1
1,1,1
1,1,1
1,1,1
1,1,1
1,1,1
1,1,1
1,1,1
1,1,1
1,1,1
1,1,1
1,1,1
1,1,1
0,1,0
1,1,1
1,1,1
1,1,1
1,1,1
1,1,1
1,1,1
1,1,1
1,1,1
0,0,0
1,1,1
1,1,1
1,1,1
1,1,1
1,1,1
1,1,1
1,1,1
1,1,1
1,1,1
1,1,1
1,1,1
1,1,1
1,1,1
1,1,1
1,1,1
1,1,1
1,1,1
1,1,1
1,1,1
1,1,1
0,1,0
1,1,1
1,1,1
1,1,1
1,1,1
1,1,1
1,1,1
0,1,0
1,1,1
1,1,1
0,1,0
1,1,1
1,1,1
1,1,1
1,1,1
1,1,1
1,1,1
1,1,1
1,1,1
1,0,1
1,1,1
1,1,1
1,1,1
1,1,1
1,1,1
1,1,1
1,1,1
1,1,1
0,1,0
1,1,1
1,1,1
1,1,1
1,1,1
1,1,1
1,1,1
1,1,1
1,1,1
1,1,1
0,0,0
1,1,1
1,1,1
1,1,1
1,1,1
1,1,1
1,1,1
1,1,1
1,1,1
1,1,1
1,1,1
1,1,1
1,1,1
1,1,1
1,1,1
0,0,0
1,1,1
1,1,1
1,1,1
1,1,1
1,1,1
1,1,1
1,1,1
1,1,1
1,1,1
1,1,1
1,1,1
1,1,1
1,1,1
1,1,1
1,1,1
1,1,1
1,1,1
1,1,1
1,1,1
1,1,1
1,1,1
1,1,1
1,1,1
1,1,1
1,1,1
1,1,1
1,1,1
1,1,1
1,1,1
1,1,1
1,1,1
1,1,1
1,1,1
1,1,1
1,1,1
1,1,1
1,1,1
1,1,1
1,1,1
1,1,1
1,1,1
1,1,1
1,1,1
1,1,1
1,1,1
1,1,1
1,1,1
1,1,1
1,1,1
1,1,1
1,1,1
1,1,1
1,1,1
1,1,1
1,1,1
1,1,1
1,1,1
1,1,1
1,1,1
0,1,0
1,1,1
1,1,1
1,1,1
1,1,1
1,1,1
1,1,1
1,1,1
0,1,0
1,1,1
1,1,1
1,1,1
1,1,1
1,1,1
1,1,1
1,1,1
1,1,1
1,1,1
1,1,1
1,1,1
1,1,1
0,1,0
1,1,1
1,1,1
1,1,1
1,1,1
1,1,1
1,1,1
1,1,1
1,1,1
1,1,1
1,1,1
1,1,1
1,1,1
1,1,1
1,1,1
1,1,1
1,1,1
1,1,1
1,1,1
1,1,1
1,1,1
1,1,1
1,1,1
1,1,1
1,1,1
1,1,1
1,1,1
1,1,1
0,1,0
1,1,1
1,1,1
1,1,1
1,1,1
1,1,1
1,1,1
1,1,1
1,1,1
1,1,1
1,1,1
1,1,1
1,1,1
1,1,1
1,1,1
1,1,1
1,1,1
1,1,1
1,1,1
1,1,1
1,1,1
1,1,1
1,1,1
1,1,1
1,1,1
1,1,1
1,1,1
1,1,1
1,1,1
1,1,1
1,1,1
1,1,1
1,1,1
1,1,1
1,1,1
1,1,1
1,1,1
1,1,1
1,1,1
1,1,1
1,1,1
0,1,0
1,1,1
1,1,1
1,1,1
1,1,1
1,1,1
1,1,1
1,1,1
1,1,1
1,1,1
1,1,1
1,1,1
1,1,1
1,1,1
1,1,1
1,1,1
1,1,1
1,1,1
1,1,1
1,1,1
1,1,1
1,1,1
1,1,1
1,1,1
1,1,1
1,1,1
1,1,1
1,1,1
1,1,1
1,1,1
1,1,1
1,1,1
1,1,1
1,1,1
1,1,1
1,1,1
1,1,1
1,1,1
1,1,1
1,1,1
1,1,1
1,1,1
1,1,1
1,1,1
1,1,1
1,1,1
1,1,1
1,1,1
1,1,1
1,1,1
1,1,1
1,1,1
1,1,1
1,1,1
1,1,1
1,1,1
1,1,1
1,1,1
1,1,1
1,1,1
1,1,1
0,0,0
1,1,1
1,1,1
0,1,0
1,1,1
1,1,1
1,1,1
1,1,1
1,1,1
1,1,1
1,1,1
1,1,1
1,1,1
1,1,1
1,1,1
1,1,1
1,1,1
1,1,1
1,1,1
1,1,1
1,1,1
1,1,1
1,1,1
1,1,1
1,1,1
1,1,1
1,1,1
1,1,1
1,1,1
1,1,1
1,1,1
1,1,1
1,1,1
1,1,1
1,1,1
1,1,1
1,1,1
1,1,1
1,1,1
1,1,1
1,1,1
1,1,1
1,1,1
1,1,1
1,1,1
1,1,1
1,1,1
1,1,1
1,1,1
1,1,1
1,1,1
1,1,1
1,1,1
1,1,1
1,1,1
1,1,1
1,1,1
1,1,1
1,1,1
1,1,1
1,1,1
1,1,1
1,1,1
1,1,1
1,1,1
1,1,1
1,1,1
1,1,1
1,1,1
1,1,1
1,1,1
1,1,1
1,1,1
1,1,1
1,1,1
1,1,1
1,1,1
1,1,1
1,1,1
1,1,1
1,1,1
1,1,1
1,1,1
1,1,1
0,0,0
1,1,1
1,1,1
1,1,1
1,1,1
1,1,1
1,1,1
1,1,1
0,1,0
1,1,1
1,1,1
1,1,1
1,1,1
1,1,1
1,1,1
1,1,1
1,1,1
1,1,1
0,0,0
0,0,0
1,1,1
1,1,1
1,1,1
1,1,1
1,1,1
1,1,1
1,1,1
1,1,1
1,1,1
1,1,1
0,1,0
1,1,1
1,1,1
1,1,1
1,1,1
1,1,1
1,1,1
1,1,1
1,1,1
1,1,1
1,1,1
1,1,1
1,1,1
1,1,1
1,1,1
1,1,1
1,1,1
1,1,1
1,1,1
1,1,1
1,1,1
1,1,1
1,1,1
1,1,1
1,1,1
1,1,1
1,1,1
1,1,1
1,1,1
1,1,1
1,1,1
1,1,1
1,1,1
1,1,1
1,1,1
1,1,1
1,1,1
1,1,1
1,1,1
1,1,1
1,1,1
1,1,1
1,1,1
1,1,1
1,1,1
1,1,1
1,1,1
1,1,1
1,1,1
1,1,1
1,1,1
1,1,1
1,1,1
0,1,0
1,1,1
1,1,1
1,1,1
1,1,1
1,1,1
1,1,1
1,1,1
1,1,1
1,1,1
1,1,1
1,1,1
1,1,1
1,1,1
1,1,1
1,1,1
1,1,1
1,1,1
1,1,1
1,1,1
1,1,1
1,1,1
0,0,0
1,1,1
1,1,1
1,1,1
1,1,1
1,1,1
1,1,1
1,1,1
1,1,1
1,1,1
1,1,1
0,1,0
1,1,1
1,1,1
1,1,1
1,1,1
1,1,1
1,1,1
1,1,1
1,1,1
1,1,1
1,1,1
1,1,1
1,1,1
1,1,1
1,1,1
1,1,1
1,1,1
1,1,1
1,1,1
1,1,1
1,1,1
1,1,1
1,1,1
1,1,1
0,0,0
1,1,1
1,1,1
1,1,1
1,1,1
1,1,1
1,1,1
1,1,1
1,1,1
1,1,1
1,1,1
1,1,1
1,1,1
1,1,1
1,1,1
1,1,1
0,1,0
1,1,1
1,1,1
1,1,1
0,1,1
0,0,0
0,1,0
0,1,0
1,1,1
1,1,1
0,0,0
1,1,1
1,1,1
1,1,1
0,1,0
1,1,1
1,1,1
1,1,1
1,1,1
1,1,1
0,0,0
1,1,1
1,1,1
1,1,1
0,1,0
1,1,1
1,1,1
0,0,0
0,1,1
1,1,1
1,1,1
1,1,1
0,0,0
1,1,1
1,1,1
1,1,1
1,1,1
0,1,0
0,0,0
1,1,1
1,1,1
0,0,1
1,1,1
1,1,1
1,1,1
1,0,1
1,1,1
1,1,1
1,1,1
1,1,1
1,1,1
1,1,1
0,1,0
1,1,1
1,1,1
1,1,1
1,1,1
1,1,1
0,1,0
1,1,1
1,1,1
1,1,1
1,1,1
1,1,1
1,1,1
1,1,1
1,1,1
0,1,1
1,1,1
1,1,1
0,0,1
1,1,1
1,1,1
1,1,1
1,1,1
0,1,0
1,1,1
1,1,1
1,1,1
1,1,1
1,1,1
1,1,1
1,1,1
1,1,1
0,1,1
1,1,1
1,1,1
1,1,1
1,1,1
0,0,0
0,0,0
1,0,1
1,1,1
1,1,1
0,1,0
1,1,1
1,1,1
0,0,0
0,0,0
0,0,0
1,1,1
1,1,1
1,1,1
0,1,0
0,0,0
0,0,0
1,1,1
1,1,1
0,1,0
0,0,0
1,1,1
0,0,0
1,1,1
1,1,1
1,1,1
0,1,0
0,0,0
1,1,1
1,1,1
0,0,0
0,0,0
1,1,1
0,1,1
1,1,1
1,1,1
0,1,0
0,0,0
1,1,1
1,1,1
1,1,1
1,1,1
1,1,1
0,0,0
0,0,0
1,0,1
0,1,0
0,1,0
0,1,0
1,1,1
0,0,0
0,0,0
0,0,0
1,1,1
1,1,1
1,1,1
1,1,1
0,0,0
1,1,1
1,1,1
1,1,1
0,1,0
0,1,0
1,1,1
1,1,1
0,1,0
1,1,1
1,1,1
1,1,1
1,1,1
1,1,1
1,1,1
1,1,1
1,1,1
0,0,1
1,1,1
1,0,1
1,1,1
0,0,0
1,1,1
1,1,1
1,1,1
1,1,1
1,1,1
0,1,1
1,1,1
1,1,1
1,1,1
1,1,1
1,1,1
0,0,0
1,1,1
1,1,1
1,1,1
1,1,1
1,1,1
1,1,1
0,1,0
1,1,1
1,1,1
0,0,0
0,0,0
1,0,1
1,1,1
1,1,1
1,1,1
1,1,1
1,1,1
1,1,1
0,1,0
1,1,1
1,1,1
1,1,1
1,1,1
0,0,0
1,1,1
1,1,1
1,1,1
1,1,1
1,1,1
1,1,1
0,1,0
1,1,1
1,1,1
1,1,1
1,1,1
1,1,1
0,0,1
1,1,1
1,1,1
0,1,0
1,1,1
1,1,1
1,1,1
0,0,0
1,1,1
1,1,1
1,1,1
1,1,1
0,0,0
1,1,1
1,1,1
1,1,1
1,1,1
0,1,0
0,0,0
0,0,0
0,1,0
1,1,1
1,1,1
1,1,1
1,1,1
0,1,0
1,1,1
0,1,0
1,1,1
1,1,1
1,1,1
1,1,1
1,1,1
1,1,1
1,1,1
1,1,1
1,1,1
0,1,0
1,1,1
1,1,1
1,1,1
1,1,1
0,1,0
1,1,1
1,1,1
1,1,1
0,0,0
1,1,1
1,1,1
1,1,1
1,0,1
0,1,0
1,1,1
1,1,1
0,1,0
1,1,1
1,1,1
0,0,0
1,1,1
1,1,1
0,0,0
1,1,1
1,1,1
1,1,1
1,1,1
0,1,1
0,0,0
0,1,0
1,1,1
0,0,0
1,1,1
1,1,1
0,0,0
1,1,1
1,1,1
1,1,1
1,1,1
1,1,1
1,1,1
0,1,1
1,1,1
1,1,1
1,1,1
1,1,1
0,1,0
1,1,1
0,0,0
1,1,1
0,1,0
0,0,0
1,1,1
1,1,1
0,1,0
1,1,1
1,1,1
0,1,0
1,1,1
1,1,1
1,1,1
1,1,1
1,1,1
0,0,0
1,1,1
1,1,1
0,0,0
0,1,0
0,0,0
1,1,1
1,1,1
1,1,1
0,1,0
1,1,1
0,1,0
0,0,0
1,1,1
0,0,0
1,1,1
0,0,0
0,0,0
0,1,0
0,0,0
1,1,1
1,1,1
0,1,0
1,1,1
1,1,1
1,1,1
1,1,1
0,1,0
0,1,0
0,1,0
1,1,1
1,1,1
1,1,1
1,1,1
0,0,0
1,1,1
0,0,0
1,1,1
0,1,0
1,1,1
1,1,1
0,0,0
1,1,1
0,0,0
1,1,1
1,1,1
0,1,0
1,1,1
1,0,1
0,1,0
1,1,1
1,1,1
1,1,1
0,1,0
0,0,0
1,1,1
0,0,0
1,1,1
1,1,1
0,1,0
1,1,1
0,0,0
1,1,1
0,0,0
0,1,0
1,1,1
1,1,1
0,0,0
1,1,1
1,1,1
1,1,1
1,1,1
1,1,1
0,0,0
1,1,1
0,1,1
0,0,0
1,1,1
1,0,1
1,1,1
1,1,1
1,1,1
0,0,0
0,0,1
0,1,0
1,1,1
1,1,1
1,1,1
0,0,0
0,1,0
1,1,1
1,1,1
0,0,0
1,1,1
0,1,0
1,1,1
1,1,1
0,1,0
0,0,0
1,1,1
1,1,1
1,1,1
0,1,0
1,1,1
1,1,1
1,1,1
1,1,1
1,1,1
0,0,0
1,1,1
0,0,0
0,0,0
0,1,0
1,1,1
1,1,1
1,1,1
1,1,1
0,1,0
0,1,0
1,1,1
1,1,1
1,1,1
1,1,1
1,1,1
1,1,1
1,0,1
1,1,1
0,1,0
1,1,1
0,0,0
1,1,1
1,1,1
0,1,0
0,1,0
1,1,1
0,1,0
1,1,1
0,1,0
1,1,1
1,1,1
1,1,1
0,0,0
0,1,0
0,1,1
0,0,0
1,1,1
1,1,1
1,1,1
1,1,1
0,0,0
1,0,1
1,0,1
1,1,1
0,0,1
1,1,1
0,0,0
0,1,0
1,1,1
0,1,0
0,1,0
0,1,1
0,1,0
1,1,1
1,1,1
1,1,1
1,1,1
1,1,1
1,1,1
0,0,0
1,1,1
1,1,1
0,1,0
1,1,1
0,0,0
0,0,0
1,1,1
1,1,1
1,1,1
1,1,1
1,1,1
1,1,1
0,0,0
1,1,1
0,0,0
1,1,1
1,1,1
1,1,1
0,0,0
0,1,0
1,1,1
0,1,0
1,1,1
1,1,1
1,1,1
0,1,0
0,1,0
0,1,0
1,1,1
0,1,1
0,1,0
1,1,1
0,1,0
1,1,1
1,1,1
1,1,1
1,1,1
1,1,1
1,1,1
0,1,0
1,1,1
1,1,1
1,1,1
1,1,1
1,1,1
1,1,1
0,0,0
1,1,1
0,1,0
1,1,1
1,1,1
0,0,0
1,1,1
0,1,0
0,0,0
1,1,1
1,1,1
0,0,1
0,1,0
0,0,0
0,1,0
1,1,1
1,1,1
0,1,1
0,1,0
1,1,1
1,1,1
1,1,1
1,1,1
0,0,0
1,1,1
1,1,1
1,1,1
0,0,0
0,1,0
1,1,1
1,1,1
0,0,0
1,1,1
1,1,1
1,1,1
0,0,0
0,1,0
1,1,1
1,1,1
1,1,1
1,1,1
1,1,1
1,1,1
1,1,1
1,1,1
1,1,1
1,1,1
0,1,0
1,1,1
0,0,1
1,1,1
1,0,1
1,1,1
1,0,1
0,1,0
1,1,1
1,1,1
1,1,1
0,0,0
1,1,1
1,1,1
1,1,1
1,1,1
1,1,1
1,1,1
1,1,1
0,1,0
0,0,0
0,1,0
1,1,1
1,1,1
1,1,1
1,1,1
1,1,1
1,1,1
1,1,1
1,1,1
1,1,1
0,1,0
1,1,1
1,1,1
0,1,0
0,0,0
1,1,1
0,1,0
1,1,1
1,1,1
1,1,1
1,1,1
1,1,1
0,1,0
0,0,0
0,0,0
1,1,1
0,1,0
1,1,1
0,1,0
0,0,0
1,1,1
0,0,0
0,1,0
0,1,1
0,0,0
0,0,0
1,0,1
0,1,0
1,1,1
1,1,1
0,1,0
0,0,0
0,0,0
0,1,0
1,1,1
1,1,1
1,1,1
0,1,0
1,0,1
1,1,1
0,0,0
1,1,1
0,1,0
1,1,1
1,1,1
0,0,0
1,1,1
1,1,1
0,0,0
0,1,0
0,1,0
0,1,0
1,1,1
1,1,1
0,1,0
1,1,1
0,1,0
1,1,1
1,1,1
1,1,1
0,1,1
1,1,1
1,1,1
0,0,0
1,1,1
1,1,1
0,1,0
1,1,1
1,1,1
1,1,1
1,1,1
0,1,0
1,1,1
1,1,1
0,0,0
0,1,0
0,1,0
1,1,1
1,1,1
1,1,1
0,0,0
1,1,1
1,1,1
0,1,0
1,1,1
1,1,1
1,1,1
0,0,1
1,1,1
1,1,1
1,1,1
1,1,1
0,1,1
1,1,1
0,1,0
1,1,1
1,1,1
1,1,1
1,1,1
0,1,0
0,1,0
1,1,1
0,0,0
1,1,1
1,1,1
0,1,0
1,1,1
0,1,0
1,1,1
1,1,1
1,1,1
1,1,1
0,1,0
0,0,0
1,1,1
1,1,1
0,1,0
0,0,0
1,1,1
1,1,1
0,0,0
0,1,0
0,0,0
1,1,1
1,1,1
1,1,1
0,1,0
1,1,1
1,1,1
1,1,1
0,1,0
0,1,0
0,0,0
0,0,0
0,0,0
1,1,1
1,1,1
1,1,1
1,1,1
0,0,0
0,0,0
0,0,0
0,0,0
1,1,1
1,1,1
1,1,1
1,1,1
1,1,1
0,1,0
0,1,0
1,1,1
1,1,1
0,1,0
1,1,1
0,1,0
0,0,0
1,1,1
1,1,1
1,1,1
1,1,1
1,1,1
0,0,0
1,1,1
0,1,1
0,1,0
1,1,1
1,1,1
1,1,1
0,1,0
1,1,1
0,1,0
1,1,1
0,1,0
1,1,1
1,1,1
0,0,0
1,1,1
1,1,1
0,1,0
0,1,0
1,1,1
1,1,1
0,1,0
1,1,1
1,1,1
1,1,1
1,1,1
1,1,1
0,1,0
0,1,0
1,1,1
0,1,0
0,0,1
1,1,1
0,0,1
0,0,1
1,1,1
1,1,1
1,1,1
1,1,1
0,1,0
1,1,1
0,0,0
1,1,1
1,0,1
1,1,1
0,1,0
0,1,1
1,1,1
1,1,1
0,1,0
0,1,1
1,1,1
0,0,0
0,1,0
0,1,0
1,1,1
1,1,1
1,1,1
0,1,0
1,1,1
1,1,1
1,1,1
1,1,1
1,1,1
1,1,1
0,0,0
0,0,0
1,1,1
1,0,1
0,1,0
0,0,0
1,1,1
0,0,0
0,1,0
0,0,0
0,0,0
0,0,0
0,1,0
0,0,0
1,1,1
1,1,1
0,1,0
0,1,0
1,1,1
1,1,1
1,1,1
1,1,1
1,1,1
0,1,0
1,1,1
0,1,0
0,1,0
0,1,0
1,1,1
0,1,0
1,1,1
1,1,1
1,1,1
0,1,0
1,1,1
1,1,1
0,0,0
1,1,1
1,1,1
1,1,1
0,0,0
0,0,0
1,1,1
0,1,1
1,1,1
1,1,1
0,1,0
0,1,0
1,1,1
1,1,1
1,1,1
1,1,1
0,0,0
1,1,1
0,0,0
0,0,0
1,1,1
1,1,1
1,1,1
0,0,0
1,1,1
0,1,0
1,1,1
1,1,1
1,1,1
1,1,1
1,1,1
0,1,0
1,1,1
1,0,1
1,1,1
0,1,0
1,1,1
0,1,0
0,1,0
0,0,0
1,1,1
0,0,0
0,0,0
1,1,1
1,1,1
0,1,0
0,0,0
1,1,1
1,0,1
1,1,1
1,1,1
0,0,0
1,1,1
0,0,0
1,1,1
1,1,1
0,0,0
0,0,0
0,0,0
0,0,0
1,1,1
0,1,0
0,0,0
1,1,1
0,0,0
1,1,1
0,1,0
1,1,1
0,0,0
1,1,1
0,1,0
0,0,0
0,0,0
0,1,0
1,1,1
0,1,0
1,1,1
1,1,1
1,1,1
1,1,1
1,1,1
1,1,1
0,0,0
1,1,1
1,1,1
1,1,1
0,0,0
0,0,0
0,0,0
1,1,1
1,1,1
1,1,1
1,1,1
1,1,1
0,0,0
0,0,0
1,1,1
1,1,1
0,0,0
0,0,0
0,1,0
1,1,1
1,1,1
1,1,1
1,1,1
1,1,1
0,1,0
1,1,1
1,1,1
1,1,1
0,0,0
1,1,1
1,1,1
1,1,1
0,1,0
0,1,1
1,1,1
1,1,1
0,1,0
1,1,1
1,1,1
0,0,0
0,0,0
0,1,0
1,1,1
1,1,1
0,0,1
1,1,1
0,1,0
1,1,1
1,1,1
1,1,1
0,1,0
0,0,0
1,1,1
0,1,0
1,1,1
0,1,0
1,0,1
0,0,0
0,1,0
0,0,0
1,1,1
0,0,0
0,1,0
1,1,1
0,1,0
1,0,1
1,1,1
0,1,0
0,1,0
1,1,1
1,1,1
1,1,1
1,1,1
0,0,0
1,1,1
0,0,0
1,1,1
0,0,1
1,1,1
0,0,0
1,1,1
1,1,1
1,1,1
0,0,0
0,0,0
0,1,0
0,0,1
1,0,1
1,1,1
1,1,1
0,0,0
0,0,0
0,1,1
1,1,1
1,1,1
1,1,1
1,1,1
1,1,1
0,0,1
0,0,0
0,1,0
0,0,0
0,0,0
0,1,0
0,0,0
1,1,1
0,1,0
1,1,1
1,1,1
1,1,1
0,1,0
0,1,1
0,1,0
1,1,1
1,1,1
1,1,1
0,0,0
0,1,0
0,0,0
1,1,1
0,0,0
0,1,0
0,0,0
0,0,0
1,1,1
0,1,0
1,1,1
1,0,1
1,1,1
0,1,0
0,1,1
0,1,0
0,0,1
1,1,1
0,0,0
1,1,1
1,1,1
0,1,0
1,1,1
0,0,0
0,0,0
1,1,1
0,0,0
1,1,1
1,1,1
0,1,0
0,1,0
0,0,1
0,0,0
0,0,0
1,1,1
1,1,1
1,1,1
1,1,1
1,1,1
0,1,0
0,1,0
0,1,0
1,1,1
0,0,0
0,0,0
0,0,0
1,1,1
0,1,0
0,0,0
0,1,0
1,1,1
1,1,1
1,1,1
1,1,1
1,1,1
0,0,0
0,1,0
1,1,1
1,1,1
0,1,0
0,1,0
1,1,1
1,1,1
1,1,1
0,1,0
0,0,0
0,0,0
1,1,1
0,1,1
1,1,1
0,1,0
1,1,1
0,1,0
0,0,0
0,1,0
1,1,1
0,1,0
1,1,1
1,1,1
1,1,1
1,1,1
0,1,0
0,0,0
1,1,1
0,1,0
0,0,0
0,1,0
0,1,0
1,1,1
1,1,1
1,1,1
1,1,1
1,1,1
0,1,0
1,1,1
0,0,0
1,1,1
0,0,0
0,0,0
0,0,0
1,1,1
0,1,0
1,1,1
0,0,0
0,0,0
0,0,0
0,1,0
0,1,0
0,0,0
1,1,1
1,1,1
1,1,1
1,1,1
1,1,1
0,0,0
0,1,0
0,1,0
1,1,1
0,0,0
1,1,1
1,1,1
1,1,1
1,1,1
1,1,1
0,1,0
1,1,1
0,0,0
1,1,1
1,1,1
0,1,0
0,1,0
1,1,1
0,1,0
0,1,0
0,1,0
0,0,0
0,1,0
0,1,0
1,1,1
0,1,0
0,1,0
0,0,0
0,1,0
1,1,1
1,1,1
0,0,0
1,1,1
1,1,1
1,1,1
0,1,0
0,1,0
0,0,0
1,1,1
0,0,0
